Name,Status,ID,Type,Impressions,Clickthroughs,Off-site Average Order Value,Off-site Conversion,Off-site Purchase Qty,Off-site Revenue,Off-site Revenue Per Mille,On-site Average Order Value,On-site Conversion,On-site Purchase Qty,On-site Revenue,On-site Revenue Per Mille
YouGarden Referral Banner,Inactive,yougarden-referral-banner,Web,7005,7,0,0,0,0,0,0,0,0,0,0
YouGarden 3 for 2 Bulb Packs,Inactive,yougarden-3-for-2-bulb-packs,Email,173190,897,33.56,0.01,9.0,302.02,1.74,0,0,0,0,0
YG Welcome Block - RC/RV,Inactive,yg-welcome-block-rcrv,Web,13776,0,0,0,0,0,0,0,0,0,0,0
YG Welcome Block - FTV - B,Inactive,yg-welcome-block-ftv-b,Web,17743,0,0,0,0,0,0,0,0,0,0,0
YG Trees and Shrubs EM34889A,Inactive,yg-trees-and-shrubs-em34889a,Email,6,3,0,0,0,0,0,0,0,0,0,0
YG Trees and Shrubs EM3530E,Inactive,yg-trees-and-shrubs-em3530e,Email,12835,191,0,0,0,0,0,0,0,0,0,0
YG Trees and Shrubs EM3530D,Active,yg-trees-and-shrubs-em3530d,Email,92506,420,66.95,0.0,1.0,66.95,0.72,0,0,0,0,0
YG Trees and Shrubs EM3530C,Active,yg-trees-and-shrubs-em3530c,Email,33759,186,66.75,0.0,1.0,66.75,1.98,0,0,0,0,0
YG Trees and Shrubs EM3530B,Active,yg-trees-and-shrubs-em3530b,Email,43456,465,26.23,0.01,4.0,104.91999999999999,2.41,0,0,0,0,0
YG Trees and Shrubs EM3530A,Inactive,yg-trees-and-shrubs-em3530a,Email,7380,70,0,0,0,0,0,0,0,0,0,0
YG Trees and Shrubs EM3510E,Active,yg-trees-and-shrubs-em3510e,Email,11122,121,0,0,0,0,0,0,0,0,0,0
YG Trees and Shrubs EM3510D,Active,yg-trees-and-shrubs-em3510d,Email,95343,267,0,0,0,0,0,0,0,0,0,0
YG Trees and Shrubs EM3510C,Active,yg-trees-and-shrubs-em3510c,Email,38044,175,65.96,0.0,1.0,65.96,1.73,0,0,0,0,0
YG Trees and Shrubs EM3510B,Active,yg-trees-and-shrubs-em3510b,Email,38632,350,22.85,0.01,2.0,45.7,1.18,0,0,0,0,0
YG Trees and Shrubs EM3510A,Inactive,yg-trees-and-shrubs-em3510a,Email,6412,51,0,0,0,0,0,0,0,0,0,0
YG Trees and Shrubs EM3489F,Inactive,yg-trees-and-shrubs-em3489f,Email,1,0,0,0,0,0,0,0,0,0,0,0
YG Trees and Shrubs EM3489E,Active,yg-trees-and-shrubs-em3489e,Email,10107,109,91.72,0.01,1.0,91.72,9.07,0,0,0,0,0
YG Trees and Shrubs EM3489D,Active,yg-trees-and-shrubs-em3489d,Email,96334,368,41.98,0.0,1.0,41.98,0.44,0,0,0,0,0
YG Trees and Shrubs EM3489C,Active,yg-trees-and-shrubs-em3489c,Email,38054,109,22.93,0.0,1.0,22.93,0.6,0,0,0,0,0
YG Trees and Shrubs EM3489B,Active,yg-trees-and-shrubs-em3489b,Email,36864,343,42.97,0.0,1.0,42.97,1.17,0,0,0,0,0
YG Trees and Shrubs EM3489A,Active,yg-trees-and-shrubs-em3489a,Email,5991,41,0,0,0,0,0,0,0,0,0,0
YG Trees and Shrubs EM3489,Inactive,yg-trees-and-shrubs-em3489,Email,1,0,0,0,0,0,0,0,0,0,0,0
YG Trees and Shrubs EM3488E,Inactive,yg-trees-and-shrubs-em3488e,Email,9274,77,0,0,0,0,0,0,0,0,0,0
YG Trees and Shrubs EM3488D,Active,yg-trees-and-shrubs-em3488d,Email,93827,292,57.96,0.0,1.0,57.96,0.62,0,0,0,0,0
YG Trees and Shrubs EM3488C,Inactive,yg-trees-and-shrubs-em3488c,Email,36318,121,0,0,0,0,0,0,0,0,0,0
YG Trees and Shrubs EM3488B,Active,yg-trees-and-shrubs-em3488b,Email,34788,215,25.98,0.01,2.0,51.95,1.49,0,0,0,0,0
YG Trees and Shrubs EM3488A,Inactive,yg-trees-and-shrubs-em3488a,Email,5615,39,0,0,0,0,0,0,0,0,0,0
YG Trees and Shrubs EM3479F,Active,yg-trees-and-shrubs-em3479f,Email,48587,182,0,0,0,0,0,0,0,0,0,0
YG Trees and Shrubs EM3479E,Inactive,yg-trees-and-shrubs-em3479e,Email,9609,104,0,0,0,0,0,0,0,0,0,0
YG Trees and Shrubs EM3479D,Active,yg-trees-and-shrubs-em3479d,Email,48327,154,0,0,0,0,0,0,0,0,0,0
YG Trees and Shrubs EM3479D,Inactive,duplicate-of-yg-trees-and-shrubs-em3479c,Email,6,6,0,0,0,0,0,0,0,0,0,0
YG Trees and Shrubs EM3479C,Inactive,yg-trees-and-shrubs-em3479c,Email,38472,174,0,0,0,0,0,0,0,0,0,0
YG Trees and Shrubs EM3479B,Active,yg-trees-and-shrubs-em3479b,Email,18007,136,21.98,0.01,1.0,21.98,1.22,0,0,0,0,0
YG Trees and Shrubs EM3479A,Inactive,yg-trees-and-shrubs-em3479a,Email,5900,38,0,0,0,0,0,0,0,0,0,0
YG Trees and Shrubs EM3479,Inactive,yg-trees-and-shrubs-em3479,Email,17972,130,29.97,0.01,2.0,59.94,3.34,0,0,0,0,0
YG Trees and Shrubs EM3478F,Inactive,yg-trees-and-shrubs-em3478f,Email,1,0,0,0,0,0,0,0,0,0,0,0
YG Trees and Shrubs EM3478E,Inactive,yg-trees-and-shrubs-em3478e,Email,1,0,0,0,0,0,0,0,0,0,0,0
YG Trees and Shrubs EM3478D,Inactive,yg-trees-and-shrubs-em3478d,Email,1,0,0,0,0,0,0,0,0,0,0,0
YG Trees and Shrubs EM3478C,Inactive,yg-trees-and-shrubs-em3478c,Email,1,0,0,0,0,0,0,0,0,0,0,0
YG Trees and Shrubs EM3478B,Inactive,yg-trees-and-shrubs-em3478b,Email,1,0,0,0,0,0,0,0,0,0,0,0
YG Trees and Shrubs EM3478A,Inactive,yg-trees-and-shrubs-em3478a,Email,1,0,0,0,0,0,0,0,0,0,0,0
YG Trees and Shrubs EM3478,Inactive,yg-trees-and-shrubs-em3478,Email,1,0,0,0,0,0,0,0,0,0,0,0
YG Trees and Shrubs EM3404,Active,yg-trees-and-shrubs-em3404,Email,177951,560,10.17,0.0,1.0,10.17,0.06,0,0,0,0,0
YG Trees and Shrubs EM3403,Active,yg-trees-and-shrubs-em3403,Email,181316,987,46.46,0.0,3.0,139.39,0.77,0,0,0,0,0
YG Trees and Shrubs EM3399,Active,yg-trees-and-shrubs-em3399,Email,182570,805,31.98,0.0,4.0,127.94,0.7,0,0,0,0,0
YG Trees &amp; Shrubs EM3477E,Inactive,yg-trees-amp-shrubs-em3477e,Email,9664,147,0,0,0,0,0,0,0,0,0,0
YG Trees &amp; Shrubs EM3477D,Active,yg-trees-amp-shrubs-em3477d,Email,97888,545,0,0,0,0,0,0,0,0,0,0
YG Trees &amp; Shrubs EM3477C,Inactive,yg-trees-amp-shrubs-em3477c,Email,38727,252,31.96,0.0,1.0,31.96,0.83,0,0,0,0,0
YG Trees &amp; Shrubs EM3477B,Active,yg-trees-amp-shrubs-em3477b,Email,37194,431,45.2,0.0,1.0,45.2,1.22,0,0,0,0,0
YG Trees &amp; Shrubs EM3314,Active,yg-trees-amp-shrubs-em3314,Email,188541,1748,36.41,0.0,8.0,291.31,1.55,0,0,0,0,0
YG Trees &amp; Shrubs EM3311,Inactive,yg-trees-amp-shrubs-em3311,Email,210773,2240,29.07,0.0,9.0,261.59,1.24,0,0,0,0,0
YG Trees &amp; Shrubs EM3301,Active,yg-trees-amp-shrubs-em3301,Email,192088,1812,39.34,0.01,13.0,511.48,2.66,0,0,0,0,0
YG Trees &amp; Shrubs EM3279,Inactive,yg-trees-amp-shrubs-em3279,Email,327298,3527,28.38,0.01,20.0,567.6800000000001,1.73,0,0,0,0,0
YG Trees &amp; Shrubs (from each range) EM3462E,Active,yg-trees-amp-shrubs-from-each-range-em3462e,Email,9284,70,0,0,0,0,0,0,0,0,0,0
YG Trees &amp; Shrubs (from each range) EM3462D,Active,yg-trees-amp-shrubs-from-each-range-em3462d,Email,96482,230,0,0,0,0,0,0,0,0,0,0
YG Trees &amp; Shrubs (from each range) EM3462C,Active,yg-trees-amp-shrubs-from-each-range-em3462c,Email,37653,128,13.98,0.0,1.0,13.98,0.37,0,0,0,0,0
YG Trees &amp; Shrubs (from each range) EM3462B,Active,yg-trees-amp-shrubs-from-each-range-em3462b,Email,34192,225,26.23,0.01,2.0,52.45,1.53,0,0,0,0,0
YG Trees &amp; Shrubs (from each range) EM3462A,Inactive,yg-trees-amp-shrubs-from-each-range-em3462a,Email,6201,30,0,0,0,0,0,0,0,0,0,0
YG Trees &amp; Shrubs (from each range) EM3460E,Inactive,yg-trees-amp-shrubs-from-each-range-em3460e,Email,9550,107,27.97,0.02,2.0,55.949999999999996,5.86,0,0,0,0,0
YG Trees &amp; Shrubs (from each range) EM3460D,Inactive,yg-trees-amp-shrubs-from-each-range-em3460d,Email,99921,300,0,0,0,0,0,0,0,0,0,0
YG Trees &amp; Shrubs (from each range) EM3460C,Active,yg-trees-amp-shrubs-from-each-range-em3460c,Email,37722,115,0,0,0,0,0,0,0,0,0,0
YG Trees &amp; Shrubs (from each range) EM3460B,Active,yg-trees-amp-shrubs-from-each-range-em3460b,Email,35103,322,13.98,0.0,1.0,13.98,0.4,0,0,0,0,0
YG Trees &amp; Shrubs (from each range) EM3460A,Inactive,yg-trees-amp-shrubs-from-each-range-em3460a,Email,6391,50,0,0,0,0,0,0,0,0,0,0
YG Trees &amp; Shrubs (from each range) EM3459E,Inactive,yg-trees-amp-shrubs-from-each-range-em3459e,Email,9370,97,0,0,0,0,0,0,0,0,0,0
YG Trees &amp; Shrubs (from each range) EM3459D,Inactive,yg-trees-amp-shrubs-from-each-range-em3459d,Email,97246,233,0,0,0,0,0,0,0,0,0,0
YG Trees &amp; Shrubs (from each range) EM3459C,Inactive,yg-trees-amp-shrubs-from-each-range-em3459c,Email,37245,114,0,0,0,0,0,0,0,0,0,0
YG Trees &amp; Shrubs (from each range) EM3459B,Active,yg-trees-amp-shrubs-from-each-range-em3459b,Email,34760,260,27.96,0.01,2.0,55.92,1.61,0,0,0,0,0
YG Trees &amp; Shrubs (from each range) EM3387,Active,yg-trees-amp-shrubs-from-each-range-em3387,Email,184626,949,37.08,0.0,4.0,148.31,0.8,0,0,0,0,0
YG Trees & Shrubs (from each range) EM3459A,Inactive,yg-trees-shrubs-from-each-range-em3459a,Email,6215,33,0,0,0,0,0,0,0,0,0,0
YG Summer Flowering Bulbs EM3472E,Inactive,yg-summer-flowering-bulbs-em3472e,Email,8766,48,0,0,0,0,0,0,0,0,0,0
YG Summer Flowering Bulbs EM3472D,Active,yg-summer-flowering-bulbs-em3472d,Email,94234,283,0,0,0,0,0,0,0,0,0,0
YG Summer Flowering Bulbs EM3472C,Active,yg-summer-flowering-bulbs-em3472c,Email,36623,103,0,0,0,0,0,0,0,0,0,0
YG Summer Flowering Bulbs EM3472B,Active,yg-summer-flowering-bulbs-em3472b,Email,33327,197,44.14,0.02,5.0,220.72,6.62,0,0,0,0,0
YG Summer Flowering Bulbs EM3472A,Inactive,yg-summer-flowering-bulbs-em3472a,Email,5915,31,0,0,0,0,0,0,0,0,0,0
YG Summer Flowering Bulbs EM3470E,Inactive,yg-summer-flowering-bulbs-em3470e,Email,8746,38,0,0,0,0,0,0,0,0,0,0
YG Summer Flowering Bulbs EM3470D,Active,yg-summer-flowering-bulbs-em3470d,Email,93634,236,26.97,0.0,1.0,26.97,0.29,0,0,0,0,0
YG Summer Flowering Bulbs EM3470C,Inactive,yg-summer-flowering-bulbs-em3470c,Email,36260,82,0,0,0,0,0,0,0,0,0,0
YG Summer Flowering Bulbs EM3470B,Active,yg-summer-flowering-bulbs-em3470b,Email,33217,198,16.98,0.01,2.0,33.96,1.02,0,0,0,0,0
YG Summer Flowering Bulbs EM3470A,Inactive,yg-summer-flowering-bulbs-em3470a,Email,4393,22,0,0,0,0,0,0,0,0,0,0
YG Summer Bulbs EM3591E,Active,yg-summer-bulbs-em3591e,Email,N/A,N/A,N/A,N/A,N/A,N/A,N/A,N/A,N/A,N/A,N/A,N/A
YG Summer Bulbs EM3591D,Active,yg-summer-bulbs-em3591d,Email,N/A,N/A,N/A,N/A,N/A,N/A,N/A,N/A,N/A,N/A,N/A,N/A
YG Summer Bulbs EM3591C,Active,yg-summer-bulbs-em3591c,Email,N/A,N/A,N/A,N/A,N/A,N/A,N/A,N/A,N/A,N/A,N/A,N/A
YG Summer Bulbs EM3591B,Active,yg-summer-bulbs-em3591b,Email,N/A,N/A,N/A,N/A,N/A,N/A,N/A,N/A,N/A,N/A,N/A,N/A
YG Summer Bulbs EM3591A,Active,yg-summer-bulbs-em3591a,Email,N/A,N/A,N/A,N/A,N/A,N/A,N/A,N/A,N/A,N/A,N/A,N/A
YG Summer Bulbs EM3578E,Active,yg-summer-bulbs-em3578e,Email,18339,140,44.23,0.03,5.0,221.14000000000001,12.06,0,0,0,0,0
YG Summer Bulbs EM3578D,Active,yg-summer-bulbs-em3578d,Email,92374,521,0,0,0,0,0,0,0,0,0,0
YG Summer Bulbs EM3578C,Active,yg-summer-bulbs-em3578c,Email,18507,91,58.16,0.02,3.0,174.48000000000002,9.43,0,0,0,0,0
YG Summer Bulbs EM3578B,Active,yg-summer-bulbs-em3578b,Email,60384,565,27.38,0.02,13.0,355.97,5.9,0,0,0,0,0
YG Summer Bulbs EM3578A,Active,yg-summer-bulbs-em3578a,Email,12916,87,0,0,0,0,0,0,0,0,0,0
YG Summer Bulbs (from each range) EM3492E,Active,yg-summer-bulbs-from-each-range-em3492e,Email,10185,40,59.91,0.01,1.0,59.91,5.88,0,0,0,0,0
YG Summer Bulbs (from each range) EM3492D,Active,yg-summer-bulbs-from-each-range-em3492d,Email,96940,217,0,0,0,0,0,0,0,0,0,0
YG Summer Bulbs (from each range) EM3492C,Active,yg-summer-bulbs-from-each-range-em3492c,Email,38453,102,0,0,0,0,0,0,0,0,0,0
YG Summer Bulbs (from each range) EM3492B,Active,yg-summer-bulbs-from-each-range-em3492b,Email,36857,206,37.97,0.01,2.0,75.93,2.06,0,0,0,0,0
YG Summer Bulbs (from each range) EM3492A,Inactive,yg-summer-bulbs-from-each-range-em3492a,Email,4729,7,0,0,0,0,0,0,0,0,0,0
YG Summer Bulbs (from each range) EM3484F,Active,yg-summer-bulbs-from-each-range-em3484f,Email,45768,91,0,0,0,0,0,0,0,0,0,0
YG Summer Bulbs (from each range) EM3484E,Inactive,yg-summer-bulbs-from-each-range-em3484e,Email,9012,32,0,0,0,0,0,0,0,0,0,0
YG Summer Bulbs (from each range) EM3484D,Active,yg-summer-bulbs-from-each-range-em3484d,Email,46526,123,0,0,0,0,0,0,0,0,0,0
YG Summer Bulbs (from each range) EM3484C,Active,yg-summer-bulbs-from-each-range-em3484c,Email,29434,71,0,0,0,0,0,0,0,0,0,0
YG Summer Bulbs (from each range) EM3484B,Active,yg-summer-bulbs-from-each-range-em3484b,Email,10739,40,0,0,0,0,0,0,0,0,0,0
YG Summer Bulbs (from each range) EM3484A,Inactive,yg-summer-bulbs-from-each-range-em3484a,Email,5357,21,0,0,0,0,0,0,0,0,0,0
YG Summer Bulbs (from each range) EM3484,Active,yg-summer-bulbs-from-each-range-em3484,Email,10918,83,0,0,0,0,0,0,0,0,0,0
YG Summer Bulbs (from each range) EM3465E,Inactive,yg-summer-bulbs-from-each-range-em3465e,Email,9114,54,0,0,0,0,0,0,0,0,0,0
YG Summer Bulbs (from each range) EM3465D,Active,yg-summer-bulbs-from-each-range-em3465d,Email,98223,248,16.98,0.0,1.0,16.98,0.17,0,0,0,0,0
YG Summer Bulbs (from each range) EM3465C,Active,yg-summer-bulbs-from-each-range-em3465c,Email,37948,146,0,0,0,0,0,0,0,0,0,0
YG Summer Bulbs (from each range) EM3465B,Active,yg-summer-bulbs-from-each-range-em3465b,Email,35372,287,16.98,0.0,1.0,16.98,0.48,0,0,0,0,0
YG Summer Bulbs (from each range) EM3465A,Inactive,yg-summer-bulbs-from-each-range-em3465a,Email,4406,31,0,0,0,0,0,0,0,0,0,0
YG Standards- EM3575A,Active,yg-standards-em3575a,Email,11992,178,0,0,0,0,0,0,0,0,0,0
YG Standards- EM3556E,Active,yg-standards-em3556e,Email,17932,291,36.0,0.01,2.0,72.0,4.02,0,0,0,0,0
YG Standards- EM3556D,Active,yg-standards-em3556d,Email,98024,497,0,0,0,0,0,0,0,0,0,0
YG Standards- EM3556C,Active,yg-standards-em3556c,Email,26040,170,31.61,0.0,1.0,31.61,1.21,0,0,0,0,0
YG Standards- EM3556B,Active,yg-standards-em3556b,Email,53946,801,42.82,0.02,10.0,428.23,7.94,0,0,0,0,0
YG Standards- EM3556A,Active,yg-standards-em3556a,Email,10895,109,0,0,0,0,0,0,0,0,0,0
YG Standards EM3575E,Active,yg-standards-em3575e,Email,17620,368,46.98,0.01,1.0,46.98,2.67,0,0,0,0,0
YG Standards EM3575D,Active,yg-standards-em3575d,Email,92782,687,43.97,0.0,2.0,87.94999999999999,0.95,0,0,0,0,0
YG Standards EM3575C,Active,yg-standards-em3575c,Email,19344,215,0,0,0,0,0,0,0,0,0,0
YG Standards EM3575B,Active,yg-standards-em3575b,Email,57990,981,54.63,0.01,3.0,163.9,2.83,0,0,0,0,0
YG SPRING BEDDING EM3540E,Active,yg-spring-bedding-em3540e,Email,13483,209,47.48,0.02,3.0,142.43,10.56,0,0,0,0,0
YG SPRING BEDDING EM3540D,Active,yg-spring-bedding-em3540d,Email,92633,699,26.58,0.01,5.0,132.89,1.43,0,0,0,0,0
YG SPRING BEDDING EM3540C,Active,yg-spring-bedding-em3540c,Email,29196,344,32.5,0.03,8.0,260.03,8.91,0,0,0,0,0
YG SPRING BEDDING EM3540B,Active,yg-spring-bedding-em3540b,Email,44025,1179,27.54,0.05,20.0,550.8000000000001,12.51,0,0,0,0,0
YG SPRING BEDDING EM3540A,Inactive,yg-spring-bedding-em3540a,Email,8126,128,28.81,0.02,2.0,57.62,7.09,0,0,0,0,0
YG Shrubs EM3351,Active,yg-shrubs-em3351,Email,182442,1179,36.63,0.0,3.0,109.9,0.6,0,0,0,0,0
YG SALE EM3582E,Active,yg-sale-em3582e,Email,18194,393,59.29,0.02,4.0,237.15,13.03,0,0,0,0,0
YG SALE EM3582D,Active,yg-sale-em3582d,Email,89139,682,14.17,0.01,5.0,70.86,0.79,0,0,0,0,0
YG SALE EM3582C,Active,yg-sale-em3582c,Email,17237,213,19.97,0.01,1.0,19.97,1.16,0,0,0,0,0
YG SALE EM3582B,Active,yg-sale-em3582b,Email,60046,1485,19.34,0.04,22.0,425.4900000000001,7.09,0,0,0,0,0
YG SALE EM3582A,Active,yg-sale-em3582a,Email,12852,195,2.99,0.01,1.0,2.99,0.23,0,0,0,0,0
YG SALE Bedding - EM3535E,Inactive,yg-sale-bedding-em3535e,Email,13058,520,18.8,0.06,8.0,150.39,11.52,0,0,0,0,0
YG SALE Bedding - EM3535D,Active,yg-sale-bedding-em3535d,Email,94657,1248,19.75,0.02,18.0,355.46000000000004,3.76,0,0,0,0,0
YG SALE Bedding - EM3535C,Inactive,yg-sale-bedding-em3535c,Email,32535,976,24.65,0.05,15.0,369.8,11.37,0,0,0,0,0
YG SALE Bedding - EM3535B-v3,Inactive,yg-sale-bedding-em3535b-v3,Email,46186,2992,23.78,0.16,73.0,1736.1200000000006,37.59,0,0,0,0,0
YG SALE Bedding - EM3535B v2,Inactive,yg-sale-bedding-em3535b-v2,Email,1,0,0,0,0,0,0,0,0,0,0,0
YG SALE Bedding - EM3535B,Inactive,yg-sale-bedding-em3535b,Triggered Email,1,0,0,0,0,0,0,0,0,0,0,0
YG SALE Bedding - EM3535A v3,Inactive,yg-sale-bedding-em3535a-v3,Email,7788,239,16.73,0.03,2.0,33.46,4.3,0,0,0,0,0
YG SALE Bedding - EM3535A,Inactive,yg-sale-bedding-em3535a,Email,1,0,0,0,0,0,0,0,0,0,0,0
YG SALE 2026 - EM3506E,Active,yg-sale-2026-em3506e,Email,10046,139,49.28,0.02,2.0,98.56,9.81,0,0,0,0,0
YG SALE 2026 - EM3506D,Active,yg-sale-2026-em3506d,Email,93225,500,20.97,0.0,2.0,41.94,0.45,0,0,0,0,0
YG SALE 2026 - EM3506C,Inactive,yg-sale-2026-em3506c,Email,36244,198,41.28,0.01,3.0,123.84,3.42,0,0,0,0,0
YG SALE 2026 - EM3506B,Active,yg-sale-2026-em3506b,Email,34108,458,28.09,0.01,4.0,112.35000000000001,3.29,0,0,0,0,0
YG SALE 2026 - EM3506A,Active,yg-sale-2026-em3506a,Email,5946,60,0,0,0,0,0,0,0,0,0,0
YG SALE 2026 - EM3495E,Inactive,yg-sale-2026-em3495e,Email,10491,175,63.92,0.01,1.0,63.92,6.09,0,0,0,0,0
YG SALE 2026 - EM3495D,Inactive,yg-sale-2026-em3495d,Email,1,0,0,0,0,0,0,0,0,0,0,0
YG SALE 2026 - EM3495C,Inactive,yg-sale-2026-em3495c,Email,1,0,0,0,0,0,0,0,0,0,0,0
YG SALE 2026 - EM3495B,Active,yg-sale-2026-em3495b,Email,37306,612,26.61,0.01,5.0,133.06,3.57,0,0,0,0,0
YG SALE 2026 - EM3495A,Inactive,yg-sale-2026-em3495a,Email,6292,39,0,0,0,0,0,0,0,0,0,0
YG Roses SALE 2026 - EM3557E,Inactive,yg-roses-sale-2026-em3557e,Email,17436,132,15.48,0.01,2.0,30.96,1.78,0,0,0,0,0
YG Roses SALE 2026 - EM3557D,Active,yg-roses-sale-2026-em3557d,Email,96867,295,23.34,0.0,4.0,93.38,0.96,0,0,0,0,0
YG Roses SALE 2026 - EM3557C,Inactive,yg-roses-sale-2026-em3557c,Email,26096,170,30.96,0.01,2.0,61.92,2.37,0,0,0,0,0
YG Roses SALE 2026 - EM3557B,Active,yg-roses-sale-2026-em3557b,Email,54237,533,32.21,0.01,4.0,128.84,2.38,0,0,0,0,0
YG Roses SALE 2026 - EM3557A,Inactive,yg-roses-sale-2026-em3557a,Email,10633,43,0,0,0,0,0,0,0,0,0,0
YG Roses SALE 2026 - EM3548E,Inactive,yg-roses-sale-2026-em3548e,Email,16603,196,0,0,0,0,0,0,0,0,0,0
YG Roses SALE 2026 - EM3548D,Active,yg-roses-sale-2026-em3548d,Email,97943,374,39.96,0.0,1.0,39.96,0.41,0,0,0,0,0
YG Roses SALE 2026 - EM3548C,Inactive,yg-roses-sale-2026-em3548c,Email,26602,197,17.48,0.01,2.0,34.96,1.31,0,0,0,0,0
YG Roses SALE 2026 - EM3548B,Active,yg-roses-sale-2026-em3548b,Email,52236,921,20.64,0.01,3.0,61.92,1.19,0,0,0,0,0
YG Roses SALE 2026 - EM3548A,Inactive,yg-roses-sale-2026-em3548a,Email,9429,54,0,0,0,0,0,0,0,0,0,0
YG Roses SALE 2026 - EM3528E,Inactive,yg-roses-sale-2026-em3528e,Email,12265,191,26.97,0.01,1.0,26.97,2.2,0,0,0,0,0
YG Roses SALE 2026 - EM3528D,Active,yg-roses-sale-2026-em3528d,Email,90786,579,16.98,0.0,1.0,16.98,0.19,0,0,0,0,0
YG Roses SALE 2026 - EM3528C,Inactive,yg-roses-sale-2026-em3528c,Email,33223,296,54.95,0.0,1.0,54.95,1.65,0,0,0,0,0
YG Roses SALE 2026 - EM3528B,Inactive,yg-roses-sale-2026-em3528b,Email,39042,920,40.85,0.03,11.0,449.3,11.51,0,0,0,0,0
YG Roses SALE 2026 - EM3528A,Inactive,yg-roses-sale-2026-em3528a,Email,7078,115,31.3,0.04,3.0,93.9,13.27,0,0,0,0,0
YG Roses SALE 2026 - EM3515E,Inactive,yg-roses-sale-2026-em3515e,Email,11039,122,0,0,0,0,0,0,0,0,0,0
YG Roses SALE 2026 - EM3515D,Active,yg-roses-sale-2026-em3515d,Email,94388,439,31.98,0.0,1.0,31.98,0.34,0,0,0,0,0
YG Roses SALE 2026 - EM3515C,Inactive,yg-roses-sale-2026-em3515c,Email,36005,242,23.57,0.01,5.0,117.83000000000001,3.27,0,0,0,0,0
YG Roses SALE 2026 - EM3515B,Inactive,yg-roses-sale-2026-em3515b,Email,35941,525,32.93,0.03,9.0,296.41,8.25,0,0,0,0,0
YG Roses SALE 2026 - EM3515A,Inactive,yg-roses-sale-2026-em3515a,Email,6068,45,0,0,0,0,0,0,0,0,0,0
YG Roses SALE 2026 - EM3512A,Inactive,yg-roses-sale-2026-em3512a,Email,1,0,0,0,0,0,0,0,0,0,0,0
YG Roses SALE 2026 - EM3504E v2,Inactive,yg-roses-sale-2026-em3504e-v2,Email,10478,110,0,0,0,0,0,0,0,0,0,0
YG Roses SALE 2026 - EM3504E,Inactive,yg-roses-sale-2026-em3504e,Email,2,0,0,0,0,0,0,0,0,0,0,0
YG Roses SALE 2026 - EM3504D v2,Active,yg-roses-sale-2026-em3504d-v2,Email,94978,481,0,0,0,0,0,0,0,0,0,0
YG Roses SALE 2026 - EM3504D,Inactive,yg-roses-sale-2026-em3504d,Email,4,0,0,0,0,0,0,0,0,0,0,0
YG Roses SALE 2026 - EM3504C v2,Inactive,yg-roses-sale-2026-em3504c-v2,Email,37318,208,27.65,0.01,3.0,82.95,2.22,0,0,0,0,0
YG Roses SALE 2026 - EM3504C,Inactive,yg-roses-sale-2026-em3504c,Email,3,0,0,0,0,0,0,0,0,0,0,0
YG Roses SALE 2026 - EM3504B v2,Inactive,yg-roses-sale-2026-em3504b-v2,Email,34708,574,24.66,0.04,14.0,345.2,9.95,0,0,0,0,0
YG Roses SALE 2026 - EM3504B,Inactive,yg-roses-sale-2026-em3504b,Email,2,0,0,0,0,0,0,0,0,0,0,0
YG Roses SALE 2026 - EM3504A v2,Inactive,yg-roses-sale-2026-em3504a-v2,Email,6010,49,0,0,0,0,0,0,0,0,0,0
YG Roses SALE 2026 - EM3504A,Inactive,yg-roses-sale-2026-em3504a,Email,23,0,0,0,0,0,0,0,0,0,0,0
YG ROSES EM3540E,Inactive,yg-roses-em3540e,Email,13319,159,0,0,0,0,0,0,0,0,0,0
YG ROSES EM3540D,Active,yg-roses-em3540d,Email,93533,505,54.96,0.0,1.0,54.96,0.59,0,0,0,0,0
YG ROSES EM3540C,Active,yg-roses-em3540c,Email,30708,194,20.68,0.01,2.0,41.35,1.35,0,0,0,0,0
YG ROSES EM3540B,Active,yg-roses-em3540b,Email,44882,809,30.86,0.02,7.0,216.03,4.81,0,0,0,0,0
YG ROSES EM3540A,Inactive,yg-roses-em3540a,Email,7901,79,0,0,0,0,0,0,0,0,0,0
YG Roses EM3486E,Inactive,yg-roses-em3486e,Email,9401,75,0,0,0,0,0,0,0,0,0,0
YG Roses EM3486D,Active,yg-roses-em3486d,Email,95100,283,0,0,0,0,0,0,0,0,0,0
YG Roses EM3486C,Active,yg-roses-em3486c,Email,37599,143,0,0,0,0,0,0,0,0,0,0
YG Roses EM3486B,Active,yg-roses-em3486b,Email,34806,412,52.7,0.01,4.0,210.81,6.06,0,0,0,0,0
YG Roses EM3486A,Inactive,yg-roses-em3486a,Email,5797,44,0,0,0,0,0,0,0,0,0,0
YG Roses EM3401,Active,yg-roses-em3401,Email,181996,1002,37.26,0.0,4.0,149.05,0.82,0,0,0,0,0
YG Roses EM3321,Active,yg-bedding-em3321,Email,189391,2194,42.49,0.0,9.0,382.37,2.02,0,0,0,0,0
YG Preplanted hanging baskets EM3298,Active,yg-preplanted-hanging-baskets-em3298,Email,186674,1150,32.89,0.0,9.0,296.03,1.59,0,0,0,0,0
YG Preplanted hanging baskets EM3284,Inactive,yg-preplanted-hanging-baskets-em3284,Email,10,3,0,0,0,0,0,0,0,0,0,0
YG Popular Garden Plants EM3319,Inactive,yg-popular-garden-plants-em3319,Email,181444,1344,39.31,0.0,5.0,196.57,1.08,0,0,0,0,0
YG Perennials EM3576E,Active,yg-perennials-em3576e,Email,17780,258,0,0,0,0,0,0,0,0,0,0
YG Perennials EM3576D,Active,yg-perennials-em3576d,Email,93556,499,0,0,0,0,0,0,0,0,0,0
YG Perennials EM3576C,Active,yg-perennials-em3576c,Email,19761,165,19.48,0.01,2.0,38.95,1.97,0,0,0,0,0
YG Perennials EM3576B,Active,yg-perennials-em3576b,Email,57705,857,19.93,0.01,6.0,119.56,2.07,0,0,0,0,0
YG Perennials EM3576A,Active,yg-perennials-em3576a,Email,12112,140,28.55,0.04,5.0,142.77,11.79,0,0,0,0,0
YG Perennials EM3552E,Active,yg-perennials-em3552e,Email,17149,230,30.87,0.01,1.0,30.87,1.8,0,0,0,0,0
YG Perennials EM3552D,Active,yg-perennials-em3552d,Email,97888,407,31.96,0.0,3.0,95.89,0.98,0,0,0,0,0
YG Perennials EM3552C,Active,yg-perennials-em3552c,Email,27014,239,61.95,0.0,1.0,61.95,2.29,0,0,0,0,0
YG Perennials EM3552B,Active,yg-perennials-em3552b,Email,53177,759,39.92,0.02,8.0,319.38,6.01,0,0,0,0,0
YG Perennials EM3552A,Active,yg-perennials-em3552a,Email,9933,114,0,0,0,0,0,0,0,0,0,0
YG Perennials EM3543E,Active,yg-perennials-em3543e,Email,15770,260,35.96,0.01,1.0,35.96,2.28,0,0,0,0,0
YG Perennials EM3543D,Active,yg-perennials-em3543d,Email,97589,427,24.9,0.0,1.0,24.9,0.26,0,0,0,0,0
YG Perennials EM3543C,Active,yg-perennials-em3543c,Email,29889,217,30.84,0.01,2.0,61.69,2.06,0,0,0,0,0
YG Perennials EM3543B,Active,yg-perennials-em3543b,Email,51638,816,28.14,0.01,6.0,168.87,3.27,0,0,0,0,0
YG Perennials EM3543A,Active,yg-perennials-em3543a,Email,8919,95,0,0,0,0,0,0,0,0,0,0
YG Perennials EM3531E,Inactive,yg-perennials-em3531e,Email,14160,191,21.96,0.01,1.0,21.96,1.55,0,0,0,0,0
YG Perennials EM3531D,Active,yg-perennials-em3531d,Email,95359,371,0,0,0,0,0,0,0,0,0,0
YG Perennials EM3531C,Active,yg-perennials-em3531c,Email,35208,233,26.97,0.0,1.0,26.97,0.77,0,0,0,0,0
YG Perennials EM3531B,Active,yg-perennials-em3531b,Email,48918,699,36.49,0.01,5.0,182.46,3.73,0,0,0,0,0
YG Perennials EM3531A,Active,yg-perennials-em3531a,Email,7206,77,36.95,0.01,1.0,36.95,5.13,0,0,0,0,0
YG Perennials EM3514E,Inactive,yg-perennials-em3514e,Email,11810,121,0,0,0,0,0,0,0,0,0,0
YG Perennials EM3514D,Active,yg-perennials-em3514d,Email,96538,320,0,0,0,0,0,0,0,0,0,0
YG Perennials EM3371,Active,yg-perennials-em3371,Email,185154,826,29.7,0.0,3.0,89.1,0.48,0,0,0,0,0
YG Perennials EM3360,Active,yg-perennials-em3360,Email,184033,863,23.57,0.0,5.0,117.83,0.64,0,0,0,0,0
YG Perennials EM3345,Active,yg-perennials-em3345,Email,189860,1430,31.35,0.0,2.0,62.709999999999994,0.33,0,0,0,0,0
YG Perennials EM3344,Active,yg-perennials-em3344,Email,185514,935,28.44,0.0,8.0,227.49,1.23,0,0,0,0,0
YG Perennials EM3337,Active,yg-perennials-em3337,Email,183353,1304,29.38,0.0,7.0,205.68,1.12,0,0,0,0,0
YG Perennials EM3328,Inactive,yg-perennials-em3328,Email,191003,1777,39.99,0.0,3.0,119.96,0.63,0,0,0,0,0
YG Perennials EM3310,Active,yg-perennials-em3310,Email,188137,1355,30.44,0.0,5.0,152.18,0.81,0,0,0,0,0
YG Perennials EM3309,Inactive,yg-perennials-em3309,Email,1,0,0,0,0,0,0,0,0,0,0,0
YG Perennials EM3292,Inactive,yg-perennials-em3292,Email,186298,1316,42.72,0.0,4.0,170.87,0.92,0,0,0,0,0
YG Perennials EM3278,Active,yg-perennials-em3278,Email,181500,1863,41.39,0.01,10.0,413.86,2.28,0,0,0,0,0
YG Perennials EM3275,Inactive,yg-perennials-em3275,Email,9,0,0,0,0,0,0,0,0,0,0,0
YG Perennials - EM3560E,Active,yg-perennials-em3560e,Email,18670,225,113.66,0.01,2.0,227.31,12.18,0,0,0,0,0
YG Perennials - EM3560D,Active,yg-perennials-em3560d,Email,96223,584,21.97,0.0,3.0,65.92,0.69,0,0,0,0,0
YG Perennials - EM3560C v2,Active,yg-perennials-em3560c-v2,Email,25814,162,32.97,0.0,1.0,32.97,1.28,0,0,0,0,0
YG Perennials - EM3560C,Inactive,yg-perennials-em3560c,Email,1,0,0,0,0,0,0,0,0,0,0,0
YG Perennials - EM3560B,Active,yg-perennials-em3560b,Email,58491,744,38.77,0.01,6.0,232.63,3.98,0,0,0,0,0
YG Perennials - EM3560A,Active,yg-perennials-em3560a,Email,11128,73,0,0,0,0,0,0,0,0,0,0
YG Perennials - EM3558E,Active,yg-perennials-em3558e,Email,16669,136,0,0,0,0,0,0,0,0,0,0
YG Perennials - EM3558D,Active,yg-perennials-em3558d,Email,97640,560,0,0,0,0,0,0,0,0,0,0
YG Perennials - EM3558C,Active,yg-perennials-em3558c,Email,24733,205,52.95,0.0,1.0,52.95,2.14,0,0,0,0,0
YG Perennials - EM3558B,Active,yg-perennials-em3558b,Email,53128,774,39.03,0.02,8.0,312.22,5.88,0,0,0,0,0
YG Perennials - EM3558A,Active,yg-perennials-em3558a,Email,10634,93,76.44,0.01,1.0,76.44,7.19,0,0,0,0,0
YG Mediterranean EM3309,Inactive,yg-mediterranean-em3309,Email,186289,2238,33.22,0.0,7.0,232.53000000000003,1.25,0,0,0,0,0
YG Lily SALE 2026 - EM3569E,Active,yg-lily-sale-2026-em3569e,Email,18132,163,23.77,0.01,1.0,23.77,1.31,0,0,0,0,0
YG Lily SALE 2026 - EM3569D,Active,yg-lily-sale-2026-em3569d,Email,93668,504,14.96,0.0,1.0,14.96,0.16,0,0,0,0,0
YG Lily SALE 2026 - EM3569C,Active,yg-lily-sale-2026-em3569c,Email,21811,127,9.48,0.0,1.0,9.48,0.43,0,0,0,0,0
YG Lily SALE 2026 - EM3569B,Active,yg-lily-sale-2026-em3569b,Email,58443,820,23.55,0.03,16.0,376.86,6.45,0,0,0,0,0
YG Hydrangeas EM3281,Inactive,yg-hydrangeas-em3281,Email,1,0,0,0,0,0,0,0,0,0,0,0
YG Houseplants CL3398,Inactive,yg-houseplants-cl3398,Email,19676,331,24.48,0.01,2.0,48.95,2.49,0,0,0,0,0
YG GYO EM3540E,Inactive,yg-gyo-em3540e,Email,13385,151,40.04,0.03,4.0,160.17000000000002,11.97,0,0,0,0,0
YG GYO EM3540D,Active,yg-gyo-em3540d,Email,92771,377,18.98,0.0,1.0,18.98,0.2,0,0,0,0,0
YG GYO EM3540C,Active,yg-gyo-em3540c,Email,29858,238,43.66,0.01,2.0,87.33,2.92,0,0,0,0,0
YG GYO EM3540B,Active,yg-gyo-em3540b,Email,44374,786,32.84,0.02,8.0,262.68,5.92,0,0,0,0,0
YG GYO EM3540A,Inactive,yg-gyo-em3540a,Email,7836,79,0,0,0,0,0,0,0,0,0,0
YG Grow Your own Fruit and Veg EM3579E,Active,yg-grow-your-own-fruit-and-veg-em3579e,Email,16219,179,0,0,0,0,0,0,0,0,0,0
YG Grow Your own Fruit and Veg EM3579D,Active,yg-grow-your-own-fruit-and-veg-em3579d,Email,88506,595,18.19,0.01,9.0,163.73,1.85,0,0,0,0,0
YG Grow Your own Fruit and Veg EM3579C,Active,yg-grow-your-own-fruit-and-veg-em3579c,Email,16561,218,14.44,0.02,4.0,57.75000000000001,3.49,0,0,0,0,0
YG Grow Your own Fruit and Veg EM3579B,Active,yg-grow-your-own-fruit-and-veg-em3579b,Email,53630,1758,17.37,0.05,27.0,468.9100000000001,8.74,0,0,0,0,0
YG Grow Your own Fruit and Veg EM3579A,Active,yg-grow-your-own-fruit-and-veg-em3579a,Email,11377,144,8.37,0.02,2.0,16.740000000000002,1.47,0,0,0,0,0
YG Grow Your own Fruit and Veg EM3567E,Active,yg-grow-your-own-fruit-and-veg-em3567e,Email,17872,400,22.29,0.03,6.0,133.74999999999997,7.48,0,0,0,0,0
YG Grow Your own Fruit and Veg EM3567D,Active,yg-grow-your-own-fruit-and-veg-em3567d,Email,93673,937,21.98,0.01,5.0,109.89,1.17,0,0,0,0,0
YG Grow Your own Fruit and Veg EM3567C,Active,yg-grow-your-own-fruit-and-veg-em3567c,Email,22132,346,9.49,0.01,3.0,28.47,1.29,0,0,0,0,0
YG Grow Your own Fruit and Veg EM3567B,Active,yg-grow-your-own-fruit-and-veg-em3567b,Email,57464,2475,15.7,0.07,40.0,628.0300000000001,10.93,0,0,0,0,0
YG Grow Your own Fruit and Veg EM3567Av2,Active,yg-grow-your-own-fruit-and-veg-em3567av2,Email,11269,198,16.33,0.01,1.0,16.33,1.45,0,0,0,0,0
YG Grow Your own Fruit and Veg EM3567A,Inactive,yg-grow-your-own-fruit-and-veg-em3567a,Triggered Email,1,0,0,0,0,0,0,0,0,0,0,0
YG Grow Your own Fruit and Veg EM3544A,Active,yg-grow-your-own-fruit-and-veg-em3544a,Email,9106,135,38.21,0.04,4.0,152.84,16.78,0,0,0,0,0
YG Grow Your own Fruit and Veg EM3516E,Active,yg-grow-your-own-fruit-and-veg-em3516e,Email,10880,269,19.94,0.01,1.0,19.94,1.83,0,0,0,0,0
YG Grow Your own Fruit and Veg EM3516D,Active,yg-grow-your-own-fruit-and-veg-em3516d,Email,92927,690,17.63,0.0,3.0,52.89,0.57,0,0,0,0,0
YG Grow Your own Fruit and Veg EM3516C,Active,yg-grow-your-own-fruit-and-veg-em3516c,Email,36623,460,37.99,0.02,7.0,265.96000000000004,7.26,0,0,0,0,0
YG Grow Your own Fruit and Veg EM3516B,Active,yg-grow-your-own-fruit-and-veg-em3516b,Email,37305,809,22.52,0.02,6.0,135.12,3.62,0,0,0,0,0
YG Grow Your own Fruit and Veg EM3516A v2,Inactive,yg-grow-your-own-fruit-and-veg-em3516a-v2,Email,6296,91,45.97,0.03,2.0,91.93,14.6,0,0,0,0,0
YG Grow Your own Fruit and Veg EM3516A,Inactive,yg-grow-your-own-fruit-and-veg-em3516a,Triggered Email,1,0,0,0,0,0,0,0,0,0,0,0
YG Grow Your own Fruit and Veg EM3513E,Inactive,yg-grow-your-own-fruit-and-veg-em3513e,Email,10212,45,0,0,0,0,0,0,0,0,0,0
YG Grow Your own Fruit and Veg EM3513D,Active,yg-grow-your-own-fruit-and-veg-em3513d,Email,93517,183,0,0,0,0,0,0,0,0,0,0
YG Grow Your own Fruit and Veg EM3513C,Active,yg-grow-your-own-fruit-and-veg-em3513c,Email,35650,77,33.04,0.0,1.0,33.04,0.93,0,0,0,0,0
YG Grow Your own Fruit and Veg EM3513B,Active,yg-grow-your-own-fruit-and-veg-em3513b,Email,32509,136,0,0,0,0,0,0,0,0,0,0
YG Grow Your own Fruit and Veg EM3513A,Inactive,yg-grow-your-own-fruit-and-veg-em3513a,Email,5862,20,0,0,0,0,0,0,0,0,0,0
YG Grow Your own Fruit and Veg EM3508E,Active,yg-grow-your-own-fruit-and-veg-em3508e,Email,10143,95,0,0,0,0,0,0,0,0,0,0
YG Grow Your own Fruit and Veg EM3508D,Active,yg-grow-your-own-fruit-and-veg-em3508d,Email,93122,266,0,0,0,0,0,0,0,0,0,0
YG Grow Your own Fruit and Veg EM3508C,Active,yg-grow-your-own-fruit-and-veg-em3508c,Email,35691,164,46.19,0.01,3.0,138.57999999999998,3.88,0,0,0,0,0
YG Grow Your own Fruit and Veg EM3508B,Active,yg-grow-your-own-fruit-and-veg-em3508b,Email,33586,327,29.7,0.01,4.0,118.8,3.54,0,0,0,0,0
YG Grow Your own Fruit and Veg EM3508A,Inactive,yg-grow-your-own-fruit-and-veg-em3508a,Email,5908,42,27.98,0.03,2.0,55.95,9.47,0,0,0,0,0
YG Grow Your own Fruit and Veg EM3500E,Active,yg-grow-your-own-fruit-and-veg-em3500e,Email,10068,53,0,0,0,0,0,0,0,0,0,0
YG Grow Your own Fruit and Veg EM3500D,Active,yg-grow-your-own-fruit-and-veg-em3500d,Email,95332,154,21.98,0.0,1.0,21.98,0.23,0,0,0,0,0
YG Grow Your own Fruit and Veg EM3500C,Active,yg-grow-your-own-fruit-and-veg-em3500c,Email,36608,62,0,0,0,0,0,0,0,0,0,0
YG Grow Your own Fruit and Veg EM3500B,Active,yg-grow-your-own-fruit-and-veg-em3500b,Email,33106,107,95.87,0.0,1.0,95.87,2.9,0,0,0,0,0
YG Grow Your own Fruit and Veg EM3500A TEST,Inactive,yg-grow-your-own-fruit-and-veg-em3500a-test,Email,3,3,0,0,0,0,0,0,0,0,0,0
YG Grow Your own Fruit and Veg EM3500A,Inactive,yg-grow-your-own-fruit-and-veg-em3500a,Email,5837,14,0,0,0,0,0,0,0,0,0,0
YG Grow Your own Fruit and Veg EM3494E,Inactive,yg-grow-your-own-fruit-and-veg-em3494e,Email,9797,89,0,0,0,0,0,0,0,0,0,0
YG Grow Your own Fruit and Veg EM3494D,Active,yg-grow-your-own-fruit-and-veg-em3494d,Email,139781,521,32.47,0.0,2.0,64.94,0.46,0,0,0,0,0
YG Grow Your own Fruit and Veg EM3494C,Active,yg-grow-your-own-fruit-and-veg-em3494c,Email,58323,248,16.98,0.0,1.0,16.98,0.29,0,0,0,0,0
YG Grow Your own Fruit and Veg EM3494B,Active,yg-grow-your-own-fruit-and-veg-em3494b,Email,34035,252,35.96,0.01,3.0,107.88,3.17,0,0,0,0,0
YG Grow Your own Fruit and Veg EM3494A,Inactive,yg-grow-your-own-fruit-and-veg-em3494a,Email,5769,29,0,0,0,0,0,0,0,0,0,0
YG Grow Your own Fruit and Veg EM3485E,Inactive,yg-grow-your-own-fruit-and-veg-em3485e,Email,9425,44,0,0,0,0,0,0,0,0,0,0
YG Grow Your own Fruit and Veg EM3485D,Active,yg-grow-your-own-fruit-and-veg-em3485d,Email,94034,209,38.97,0.0,1.0,38.97,0.41,0,0,0,0,0
YG Grow Your own Fruit and Veg EM3485C,Active,yg-grow-your-own-fruit-and-veg-em3485c,Email,36953,80,0,0,0,0,0,0,0,0,0,0
YG Grow Your own Fruit and Veg EM3485B,Active,yg-grow-your-own-fruit-and-veg-em3485b,Email,34202,124,0,0,0,0,0,0,0,0,0,0
YG Grow Your own Fruit and Veg EM3485A,Inactive,yg-grow-your-own-fruit-and-veg-em3485a,Email,5670,25,16.98,0.02,1.0,16.98,2.99,0,0,0,0,0
YG Grow Your own Fruit and Veg EM3482F,Active,yg-grow-your-own-fruit-and-veg-em3482f,Email,48467,191,21.98,0.0,1.0,21.98,0.45,0,0,0,0,0
YG Grow Your own Fruit and Veg EM3482E,Inactive,yg-grow-your-own-fruit-and-veg-em3482e,Email,4,3,0,0,0,0,0,0,0,0,0,0
YG Grow Your own Fruit and Veg EM3482D,Active,yg-grow-your-own-fruit-and-veg-em3482d,Email,48325,183,0,0,0,0,0,0,0,0,0,0
YG Grow Your own Fruit and Veg EM3482C,Active,yg-grow-your-own-fruit-and-veg-em3482c,Email,38283,295,25.41,0.01,4.0,101.63,2.65,0,0,0,0,0
YG Grow Your own Fruit and Veg EM3482B,Active,yg-grow-your-own-fruit-and-veg-em3482b,Email,17800,283,112.56,0.02,3.0,337.67,18.97,0,0,0,0,0
YG Grow Your own Fruit and Veg EM3482A,Inactive,yg-grow-your-own-fruit-and-veg-em3482a,Email,6115,53,0,0,0,0,0,0,0,0,0,0
YG Grow Your own Fruit and Veg EM3482,Inactive,yg-grow-your-own-fruit-and-veg-em3482,Email,17657,219,30.91,0.03,6.0,185.45999999999998,10.5,0,0,0,0,0
YG GR30s EM3595A,Active,yg-gr30s-em3595a,Email,N/A,N/A,N/A,N/A,N/A,N/A,N/A,N/A,N/A,N/A,N/A,N/A
YG GR30s EM3586E,Active,yg-gr30s-em3586e,Email,15266,199,0,0,0,0,0,0,0,0,0,0
YG GR30s EM3586D,Active,yg-gr30s-em3586d,Email,79560,473,30.63,0.0,3.0,91.88000000000001,1.15,0,0,0,0,0
YG GR30s EM3586C,Active,yg-gr30s-em3586c,Email,14814,151,37.46,0.01,2.0,74.92,5.06,0,0,0,0,0
YG GR30s EM3586B,Active,yg-gr30s-em3586b,Email,51293,970,48.26,0.01,3.0,144.79,2.82,0,0,0,0,0
YG GR30s EM3586A,Active,yg-gr30s-em3586a,Email,11089,100,0,0,0,0,0,0,0,0,0,0
YG GR30s EM3573E,Active,yg-gr30s-em3573e,Email,16952,195,0,0,0,0,0,0,0,0,0,0
YG GR30s EM3573D,Active,yg-gr30s-em3573d,Email,92585,878,18.48,0.0,2.0,36.96,0.4,0,0,0,0,0
YG GR30s EM3573C,Active,yg-gr30s-em3573c,Email,20064,284,48.9,0.02,5.0,244.5,12.19,0,0,0,0,0
YG GR30s EM3573B,Active,yg-gr30s-em3573b,Email,60740,1689,30.12,0.03,21.0,632.5999999999999,10.41,0,0,0,0,0
YG GR30s EM3573A,Active,yg-gr30s-em3573a,Email,11766,151,30.95,0.01,1.0,30.95,2.63,0,0,0,0,0
YG GR30s EM3553E,Active,yg-gr30s-em3553e,Email,17746,481,26.96,0.01,1.0,26.96,1.52,0,0,0,0,0
YG GR30s EM3553D,Active,yg-gr30s-em3553d,Email,101065,712,41.19,0.0,4.0,164.76999999999998,1.63,0,0,0,0,0
YG GR30s EM3553C,Active,yg-gr30s-em3553c,Email,28039,479,29.56,0.02,5.0,147.79000000000002,5.27,0,0,0,0,0
YG GR30s EM3553B,Active,yg-gr30s-em3553b,Email,56605,1774,51.54,0.03,17.0,876.2600000000001,15.48,0,0,0,0,0
YG GR30s EM3553A,Active,yg-gr30s-em3553a,Email,10610,130,0,0,0,0,0,0,0,0,0,0
YG GR30s EM3547E,Active,yg-gr30s-em3547e,Email,17199,407,34.33,0.02,3.0,102.98,5.99,0,0,0,0,0
YG GR30s EM3547D,Active,yg-gr30s-em3547d,Email,28115,286,34.44,0.01,2.0,68.88,2.45,0,0,0,0,0
YG GR30s EM3547C,Active,yg-gr30s-em3547c,Email,28957,379,30.29,0.01,3.0,90.88,3.14,0,0,0,0,0
YG GR30s EM3547B,Active,yg-gr30s-em3547b,Email,56236,1790,36.68,0.05,27.0,990.43,17.61,0,0,0,0,0
YG GR30s EM3547A,Active,yg-gr30s-em3547a,Email,9458,171,28.96,0.03,3.0,86.89000000000001,9.19,0,0,0,0,0
YG GR Bedding EM3372,Active,yg-gr-bedding-em3372,Email,187503,1308,38.71,0.0,8.0,309.7,1.65,0,0,0,0,0
YG GR Bedding EM3369,Inactive,yg-gr-bedding-em3369,Email,8,4,0,0,0,0,0,0,0,0,0,0
YG GR Bedding EM3329,Active,yg-gr-bedding-em3329,Email,194641,1845,36.15,0.01,23.0,831.3499999999999,4.27,0,0,0,0,0
YG GR Bedding EM3297,Inactive,yg-gr-bedding-em3297,Email,186942,2114,28.62,0.01,20.0,572.36,3.06,0,0,0,0,0
YG GR Bedding EM3283,Active,yg-gr-bedding-em3283,Email,323744,2527,29.47,0.01,32.0,943.1399999999999,2.91,0,0,0,0,0
YG Garden Ready EM3590E,Active,yg-garden-ready-em3590e,Email,N/A,N/A,N/A,N/A,N/A,N/A,N/A,N/A,N/A,N/A,N/A,N/A
YG Garden Ready EM3590D,Active,yg-garden-ready-em3590d,Email,N/A,N/A,N/A,N/A,N/A,N/A,N/A,N/A,N/A,N/A,N/A,N/A
YG Garden Ready EM3590C,Active,yg-garden-ready-em3590c,Email,N/A,N/A,N/A,N/A,N/A,N/A,N/A,N/A,N/A,N/A,N/A,N/A
YG Garden Ready EM3590B,Active,yg-garden-ready-em3590b,Email,N/A,N/A,N/A,N/A,N/A,N/A,N/A,N/A,N/A,N/A,N/A,N/A
YG Garden Ready EM3590A,Active,yg-garden-ready-em3590a,Email,N/A,N/A,N/A,N/A,N/A,N/A,N/A,N/A,N/A,N/A,N/A,N/A
YG Garden Plants EM3593A,Active,yg-garden-plants-em3593a,Email,N/A,N/A,N/A,N/A,N/A,N/A,N/A,N/A,N/A,N/A,N/A,N/A
YG Garden Plants EM3592E,Active,yg-garden-plants-em3592e,Email,N/A,N/A,N/A,N/A,N/A,N/A,N/A,N/A,N/A,N/A,N/A,N/A
YG Garden Plants EM3592D,Active,yg-garden-plants-em3592d,Email,N/A,N/A,N/A,N/A,N/A,N/A,N/A,N/A,N/A,N/A,N/A,N/A
YG Garden Plants EM3592C,Active,yg-garden-plants-em3592c,Email,N/A,N/A,N/A,N/A,N/A,N/A,N/A,N/A,N/A,N/A,N/A,N/A
YG Garden Plants EM3592B,Active,yg-garden-plants-em3592b,Email,N/A,N/A,N/A,N/A,N/A,N/A,N/A,N/A,N/A,N/A,N/A,N/A
YG Garden Plants EM3592A,Active,yg-garden-plants-em3592a,Email,N/A,N/A,N/A,N/A,N/A,N/A,N/A,N/A,N/A,N/A,N/A,N/A
YG Garden Plants EM3590A,Inactive,yg-garden-plants-em3590a,Email,N/A,N/A,N/A,N/A,N/A,N/A,N/A,N/A,N/A,N/A,N/A,N/A
YG Garden Plants EM3589E,Active,yg-garden-plants-em3589e,Email,3,0,0,0,0,0,0,0,0,0,0,0
YG Garden Plants EM3589D,Active,yg-garden-plants-em3589d,Email,2,0,0,0,0,0,0,0,0,0,0,0
YG Garden Plants EM3589C,Active,yg-garden-plants-em3589c,Email,2,0,0,0,0,0,0,0,0,0,0,0
YG Garden Plants EM3589B,Active,yg-garden-plants-em3589b,Email,2,0,0,0,0,0,0,0,0,0,0,0
YG Garden Plants EM3589A,Active,yg-garden-plants-em3589a,Email,6,3,0,0,0,0,0,0,0,0,0,0
YG Garden Plants EM3585E,Active,yg-garden-plants-em3585e,Email,16533,411,33.19,0.02,4.0,132.75,8.03,0,0,0,0,0
YG Garden Plants EM3585D,Active,yg-garden-plants-em3585d,Email,82341,791,31.29,0.0,3.0,93.88,1.14,0,0,0,0,0
YG Garden Plants EM3585C,Active,yg-garden-plants-em3585c,Email,15521,293,121.93,0.01,1.0,121.93,7.86,0,0,0,0,0
YG Garden Plants EM3585B,Active,yg-garden-plants-em3585b,Email,53598,1600,33.89,0.02,9.0,305.03,5.69,0,0,0,0,0
YG Garden Plants EM3585A,Active,yg-garden-plants-em3585a,Email,11799,274,24.48,0.02,2.0,48.95,4.15,0,0,0,0,0
YG Fruit Trees (from each range) EM3471E,Inactive,yg-fruit-trees-from-each-range-em3471e,Email,8890,90,0,0,0,0,0,0,0,0,0,0
YG Fruit Trees (from each range) EM3471D,Active,yg-fruit-trees-from-each-range-em3471d,Email,93993,300,0,0,0,0,0,0,0,0,0,0
YG Fruit Trees (from each range) EM3471C,Active,yg-fruit-trees-from-each-range-em3471c,Email,36041,161,23.98,0.0,1.0,23.98,0.67,0,0,0,0,0
YG Fruit Trees (from each range) EM3471B,Active,yg-fruit-trees-from-each-range-em3471b,Email,32162,295,50.07,0.0,1.0,50.07,1.56,0,0,0,0,0
YG Fruit Trees (from each range) EM3471A,Inactive,yg-fruit-trees-from-each-range-em3471a,Email,5815,41,0,0,0,0,0,0,0,0,0,0
YG Fruit Trees (from each range) EM3467E,Inactive,yg-fruit-trees-from-each-range-em3467e,Email,9203,97,44.36,0.01,1.0,44.36,4.82,0,0,0,0,0
YG Fruit Trees (from each range) EM3467D,Active,yg-fruit-trees-from-each-range-em3467d,Email,97671,383,0,0,0,0,0,0,0,0,0,0
YG Fruit Trees (from each range) EM3467C,Active,yg-fruit-trees-from-each-range-em3467c,Email,37684,174,45.25,0.01,3.0,135.74,3.6,0,0,0,0,0
YG Fruit Trees (from each range) EM3467B,Active,yg-fruit-trees-from-each-range-em3467b,Email,33830,363,32.6,0.02,8.0,260.78999999999996,7.71,0,0,0,0,0
YG Fruit Trees (from each range) EM3467A,Inactive,yg-fruit-trees-from-each-range-em3467a,Email,4530,38,0,0,0,0,0,0,0,0,0,0
YG Fruit SALE 2026 - EM3554E,Inactive,yg-fruit-sale-2026-em3554e,Email,17591,198,0,0,0,0,0,0,0,0,0,0
YG Fruit SALE 2026 - EM3554D,Active,yg-fruit-sale-2026-em3554d,Email,97932,516,20.98,0.0,2.0,41.95,0.43,0,0,0,0,0
YG Fruit SALE 2026 - EM3554C,Inactive,yg-fruit-sale-2026-em3554c,Email,26098,263,32.85,0.01,3.0,98.56,3.78,0,0,0,0,0
YG Fruit SALE 2026 - EM3554B,Active,yg-fruit-sale-2026-em3554b,Email,54744,955,29.82,0.03,16.0,477.0400000000001,8.71,0,0,0,0,0
YG Fruit SALE 2026 - EM3554A,Active,yg-fruit-sale-2026-em3554a,Email,10523,138,18.98,0.02,2.0,37.96,3.61,0,0,0,0,0
YG Fruit SALE 2026 - EM3534E,Inactive,yg-fruit-sale-2026-em3534e,Email,12587,127,115.92,0.01,1.0,115.92,9.21,0,0,0,0,0
YG Fruit SALE 2026 - EM3534D,Active,yg-fruit-sale-2026-em3534d,Email,91625,433,72.69,0.0,1.0,72.69,0.79,0,0,0,0,0
YG Fruit SALE 2026 - EM3534C,Inactive,yg-fruit-sale-2026-em3534c,Email,31601,220,18.98,0.01,2.0,37.96,1.2,0,0,0,0,0
YG Fruit SALE 2026 - EM3534B,Active,yg-fruit-sale-2026-em3534b,Email,42136,768,27.01,0.03,14.0,378.11,8.97,0,0,0,0,0
YG Fruit SALE 2026 - EM3534A,Inactive,yg-fruit-sale-2026-em3534a,Email,7573,89,0,0,0,0,0,0,0,0,0,0
YG Fruit Plants EM3523E,Active,yg-fruit-plants-em3523e,Email,11424,102,0,0,0,0,0,0,0,0,0,0
YG Fruit Plants EM3523D,Active,yg-fruit-plants-em3523d,Email,92927,383,0,0,0,0,0,0,0,0,0,0
YG Fruit Plants EM3523C,Inactive,yg-fruit-plants-em3523c,Email,34496,194,47.58,0.0,1.0,47.58,1.38,0,0,0,0,0
YG Fruit Plants EM3523B,Active,yg-fruit-plants-em3523b,Email,38673,383,49.96,0.01,3.0,149.88,3.88,0,0,0,0,0
YG Fruit and Veg EM3331,Inactive,yg-fruit-and-veg-em3331,Email,180170,1817,31.71,0.0,7.0,221.94,1.23,0,0,0,0,0
YG Fruit &amp; Veg EM3537E,Inactive,yg-fruit-amp-veg-em3537e,Email,13076,131,36.98,0.01,1.0,36.98,2.83,0,0,0,0,0
YG Fruit &amp; Veg EM3537D,Active,yg-fruit-amp-veg-em3537d,Email,92702,277,59.47,0.0,2.0,118.94,1.28,0,0,0,0,0
YG Fruit &amp; Veg EM3537C,Active,yg-fruit-amp-veg-em3537c,Email,31001,132,40.59,0.01,2.0,81.18,2.62,0,0,0,0,0
YG Fruit &amp; Veg EM3537B,Active,yg-fruit-amp-veg-em3537b,Email,42311,388,39.28,0.01,4.0,157.13,3.71,0,0,0,0,0
YG Fruit &amp; Veg EM3537A,Inactive,yg-fruit-amp-veg-em3537a,Email,7648,48,0,0,0,0,0,0,0,0,0,0
YG Fruit &amp; Veg EM3526E,Inactive,yg-fruit-amp-veg-em3526e,Email,11924,59,0,0,0,0,0,0,0,0,0,0
YG Fruit &amp; Veg EM3526D,Active,yg-fruit-amp-veg-em3526d,Email,89962,193,63.27,0.0,2.0,126.55,1.41,0,0,0,0,0
YG Fruit &amp; Veg EM3526C,Active,yg-fruit-amp-veg-em3526c,Email,33433,100,14.32,0.01,3.0,42.959999999999994,1.28,0,0,0,0,0
YG Fruit &amp; Veg EM3526B,Active,yg-fruit-amp-veg-em3526b,Email,38880,214,41.96,0.02,8.0,335.66,8.63,0,0,0,0,0
YG Fruit &amp; Veg EM3526A,Inactive,yg-fruit-amp-veg-em3526a,Email,7021,27,0,0,0,0,0,0,0,0,0,0
YG Fruit &amp; Veg EM3523A,Inactive,yg-fruit-amp-veg-em3523a,Email,6735,44,0,0,0,0,0,0,0,0,0,0
YG Flowering Shrubs EM3405,Active,yg-flowering-shrubs-em3405,Email,184999,1119,26.49,0.0,7.0,185.39999999999998,1.0,0,0,0,0,0
YG Evergreen Shrubs EM3378,Active,yg-evergreen-shrubs-em3378,Email,185483,1025,51.76,0.0,4.0,207.03000000000003,1.12,0,0,0,0,0
YG Evergreen Shrubs EM3330,Active,yg-evergreen-shrubs-em3330,Email,193157,1684,37.46,0.0,4.0,149.82999999999998,0.78,0,0,0,0,0
YG Drought Tolerant Plants CL3293 2,Inactive,yg-drought-tolerant-plants-cl3293-2,Email,1,0,0,0,0,0,0,0,0,0,0,0
YG Drought Tolerant Plants CL3293,Active,yg-drought-tolerant-plants-cl3293,Email,21144,187,24.29,0.01,2.0,48.57,2.3,0,0,0,0,0
YG Countdown Extended to 140326,Active,yg-countdown-extended-to-140326,Email,176755,0,0,0,0,0,0,0,0,0,0,0
YG Countdown 280725,Active,yg-countdown-280725,Email,167223,0,0,0,0,0,0,0,0,0,0,0
YG Countdown 260825,Active,yg-countdown-260825,Email,176829,0,0,0,0,0,0,0,0,0,0,0
YG Countdown 210526,Active,yg-countdown-210526,Email,186529,0,0,0,0,0,0,0,0,0,0,0
YG Countdown 210326,Active,yg-countdown-210326,Email,317267,0,0,0,0,0,0,0,0,0,0,0
YG Countdown 160226,Active,yg-countdown-160226,Email,178009,0,0,0,0,0,0,0,0,0,0,0
YG Countdown 140526,Active,yg-countdown-140526,Email,188493,0,0,0,0,0,0,0,0,0,0,0
YG Countdown 130426,Active,yg-countdown-130426,Email,195810,0,0,0,0,0,0,0,0,0,0,0
YG Countdown 110426,Active,yg-countdown-110426,Email,196868,0,0,0,0,0,0,0,0,0,0,0
YG Countdown 110326,Active,yg-countdown-110326,Email,266808,0,0,0,0,0,0,0,0,0,0,0
YG Countdown 100526,Active,yg-countdown-100526,Email,197842,0,0,0,0,0,0,0,0,0,0,0
YG Countdown 070426,Active,yg-countdown-070426,Email,186837,0,0,0,0,0,0,0,0,0,0,0
YG Countdown 060426,Active,yg-countdown-060426,Email,179697,0,0,0,0,0,0,0,0,0,0,0
YG Countdown 050526,Active,yg-countdown-050526,Email,194760,0,0,0,0,0,0,0,0,0,0,0
YG Countdown 040526,Active,yg-countdown-040526,Email,188630,0,0,0,0,0,0,0,0,0,0,0
YG Countdown 020226,Active,yg-countdown-020226,Email,175166,0,0,0,0,0,0,0,0,0,0,0
YG Countdown 010326,Active,yg-countdown-010326,Email,174058,0,0,0,0,0,0,0,0,0,0,0
YG Countdown 010226,Active,yg-countdown-010226,Email,255246,0,0,0,0,0,0,0,0,0,0,0
YG Countdown,Inactive,yg-countdown,Email,3,0,0,0,0,0,0,0,0,0,0,0
YG Clematis EM3288,Active,yg-clematis-em3288,Email,187637,2593,29.86,0.01,17.0,507.65999999999997,2.71,0,0,0,0,0
YG Christmas Delivery Countdown 191225,Active,yg-christmas-delivery-countdown-191225,Email,252593,0,0,0,0,0,0,0,0,0,0,0
YG Categories Section - Original Alt,Inactive,yg-categories-section-original-alt-old,Web,1,0,0,0,0,0,0,0,0,0,0,0
YG CAT BESTSELLERS EM3533,Active,yg-cat-bestsellers-em3533,Email,115778,1727,49.39,0.02,20.0,987.7400000000002,8.53,0,0,0,0,0
YG CAT BESTSELLERS EM3532,Active,yg-cat-bestsellers-em3532,Email,79167,950,39.49,0.01,5.0,197.46,2.49,0,0,0,0,0
YG Bulbs SALE 2026 - EM3569A,Active,yg-bulbs-sale-2026-em3569a,Email,11564,70,0,0,0,0,0,0,0,0,0,0
YG Bulbs SALE 2026 - EM3561E,Active,yg-bulbs-sale-2026-em3561e,Email,17692,163,0,0,0,0,0,0,0,0,0,0
YG Bulbs SALE 2026 - EM3561D,Active,yg-bulbs-sale-2026-em3561d,Email,93545,655,10.98,0.0,1.0,10.98,0.12,0,0,0,0,0
YG Bulbs SALE 2026 - EM3561C,Active,yg-bulbs-sale-2026-em3561c,Email,24055,211,29.92,0.0,1.0,29.92,1.24,0,0,0,0,0
YG Bulbs SALE 2026 - EM3561B,Active,yg-bulbs-sale-2026-em3561b,Email,56556,1219,22.79,0.02,12.0,273.51,4.84,0,0,0,0,0
YG Bulbs SALE 2026 - EM3561A,Active,yg-bulbs-sale-2026-em3561a,Email,11107,120,18.64,0.03,3.0,55.92,5.03,0,0,0,0,0
YG Bulbs SALE 2026 - EM3551E,Active,yg-bulbs-sale-2026-em3551e,Email,16944,176,0,0,0,0,0,0,0,0,0,0
YG Bulbs SALE 2026 - EM3551D,Active,yg-bulbs-sale-2026-em3551d,Email,98470,399,36.96,0.0,1.0,36.96,0.38,0,0,0,0,0
YG Bulbs SALE 2026 - EM3551C,Active,yg-bulbs-sale-2026-em3551c,Email,27320,256,42.91,0.01,4.0,171.65,6.28,0,0,0,0,0
YG Bulbs SALE 2026 - EM3551B,Active,yg-bulbs-sale-2026-em3551b,Email,54510,1178,38.42,0.02,9.0,345.75,6.34,0,0,0,0,0
YG Bulbs SALE 2026 - EM3551A,Active,yg-bulbs-sale-2026-em3551a,Email,9980,97,0,0,0,0,0,0,0,0,0,0
YG Bulbs SALE 2026 - EM3525E,Inactive,yg-bulbs-sale-2026-em3525e,Email,12462,133,0,0,0,0,0,0,0,0,0,0
YG Bulbs SALE 2026 - EM3525D,Active,yg-bulbs-sale-2026-em3525d,Email,92531,406,0,0,0,0,0,0,0,0,0,0
YG Bulbs SALE 2026 - EM3525C,Active,yg-bulbs-sale-2026-em3525c,Email,35478,283,35.96,0.01,2.0,71.92,2.03,0,0,0,0,0
YG Bulbs SALE 2026 - EM3525B,Active,yg-bulbs-sale-2026-em3525b,Email,42027,912,27.93,0.02,10.0,279.33000000000004,6.65,0,0,0,0,0
YG Bulbs SALE 2026 - EM3525A,Inactive,yg-bulbs-sale-2026-em3525a,Email,6951,56,0,0,0,0,0,0,0,0,0,0
YG Bulbs SALE 2026 - EM3512E,Active,yg-bulbs-sale-2026-em3512e,Email,11043,176,27.98,0.02,2.0,55.95,5.07,0,0,0,0,0
YG Bulbs SALE 2026 - EM3512D,Active,yg-bulbs-sale-2026-em3512d,Email,93255,553,30.96,0.0,1.0,30.96,0.33,0,0,0,0,0
YG Bulbs SALE 2026 - EM3512C,Active,yg-bulbs-sale-2026-em3512c,Email,37088,391,13.98,0.0,1.0,13.98,0.38,0,0,0,0,0
YG Bulbs SALE 2026 - EM3512B,Active,yg-bulbs-sale-2026-em3512b,Email,39031,1056,21.81,0.04,15.0,327.19,8.38,0,0,0,0,0
YG Bulbs SALE 2026 - EM3512A,Inactive,yg-bulbs-sale-2026-em3512a,Email,6274,73,0,0,0,0,0,0,0,0,0,0
YG Border Plants EM3584E,Active,yg-border-plants-em3584e,Email,16619,290,71.7,0.01,2.0,143.41,8.63,0,0,0,0,0
YG Border Plants EM3584D,Active,yg-border-plants-em3584d,Email,84499,630,0,0,0,0,0,0,0,0,0,0
YG Border Plants EM3584C,Active,yg-border-plants-em3584c,Email,15815,208,0,0,0,0,0,0,0,0,0,0
YG Border Plants EM3584B,Active,yg-border-plants-em3584b,Email,55965,1323,100.32,0.01,8.0,802.5500000000001,14.34,0,0,0,0,0
YG Border Plants EM3584A,Active,yg-border-plants-em3584a,Email,11926,228,76.86,0.01,1.0,76.86,6.44,0,0,0,0,0
YG BOGOF 60s EM3524E New,Inactive,yg-bogof-60s-em3524e-new,Email,12472,382,50.42,0.02,2.0,100.85,8.09,0,0,0,0,0
YG BOGOF 60s EM3524D New,Active,yg-bogof-60s-em3524d-new,Email,94099,1063,27.59,0.01,8.0,220.7,2.35,0,0,0,0,0
YG BOGOF 60s EM3524C New,Active,yg-bogof-60s-em3524c-new,Email,35940,967,31.9,0.04,15.0,478.51,13.31,0,0,0,0,0
YG BOGOF 60s EM3524B New,Inactive,yg-bogof-60s-em3524b-new,Email,43644,2409,33.69,0.08,37.0,1246.49,28.56,0,0,0,0,0
YG BOGOF 60s EM3524A New,Inactive,yg-bogof-60s-em3524a-new,Email,7119,222,0,0,0,0,0,0,0,0,0,0
YG BOGOF 60s EM3505E New,Inactive,yg-bogof-60s-em3505e-new,Email,10871,352,32.86,0.04,4.0,131.44,12.09,0,0,0,0,0
YG BOGOF 60s EM3505D New,Inactive,yg-bogof-60s-em3505d-new,Email,97135,1101,23.59,0.01,8.0,188.74,1.94,0,0,0,0,0
YG BOGOF 60s EM3505C New,Inactive,yg-bogof-60s-em3505c-new,Email,39060,792,26.55,0.02,7.0,185.85,4.76,0,0,0,0,0
YG BOGOF 60s EM3505B New,Inactive,yg-bogof-60s-em3505b-new,Email,38332,1869,23.54,0.04,17.0,400.14,10.44,0,0,0,0,0
YG BOGOF 60s EM3505A New,Inactive,yg-bogof-60s-em3505a-new,Email,6128,169,0,0,0,0,0,0,0,0,0,0
YG BOGOF 60s EM3505A,Inactive,yg-bogof-60s-em3505a,Email,15,0,0,0,0,0,0,0,0,0,0,0
YG BOGOF 60s EM3499E,Inactive,yg-bogof-60s-em3499e,Email,10409,266,0,0,0,0,0,0,0,0,0,0
YG BOGOF 60s EM3499D,Inactive,yg-bogof-60s-em3499d,Email,95525,944,26.47,0.0,2.0,52.94,0.55,0,0,0,0,0
YG BOGOF 60s EM3499C,Inactive,yg-bogof-60s-em3499c,Email,38963,872,30.79,0.03,11.0,338.65000000000003,8.69,0,0,0,0,0
YG BOGOF 60s EM3499B,Inactive,yg-bogof-60s-em3499b,Email,38222,1845,33.57,0.07,26.0,872.8100000000001,22.84,0,0,0,0,0
YG BOGOF 60s EM3499A,Inactive,yg-bogof-60s-em3499a,Email,6068,164,0,0,0,0,0,0,0,0,0,0
YG BOGOF 40s EM3509E,Inactive,yg-bogof-40s-em3509e,Email,10607,275,23.65,0.03,3.0,70.96,6.69,0,0,0,0,0
YG BOGOF 40s EM3509D,Active,yg-bogof-40s-em3509d,Email,93385,814,40.82,0.01,6.0,244.91,2.62,0,0,0,0,0
YG BOGOF 40s EM3509C,Inactive,yg-bogof-40s-em3509c,Email,37426,783,27.71,0.04,14.0,387.89,10.36,0,0,0,0,0
YG BOGOF 40s EM3509B,Inactive,yg-bogof-40s-em3509b,Email,37216,1604,24.72,0.1,39.0,964.0500000000001,25.9,0,0,0,0,0
YG BOGOF 40s EM3509A,Inactive,yg-bogof-40s-em3509a,Email,6034,118,0,0,0,0,0,0,0,0,0,0
YG BOGOF 40s EM3501E,Inactive,yg-bogof-40s-em3501e,Email,10267,170,19.99,0.01,1.0,19.99,1.95,0,0,0,0,0
YG BOGOF 40s EM3501D,Inactive,yg-bogof-40s-em3501d,Email,96459,926,20.99,0.01,5.0,104.92999999999999,1.09,0,0,0,0,0
YG BOGOF 40s EM3501C,Inactive,yg-bogof-40s-em3501c,Email,38744,734,33.23,0.03,12.0,398.72,10.29,0,0,0,0,0
YG BOGOF 40s EM3501B,Inactive,yg-bogof-40s-em3501b,Email,36928,1291,22.85,0.06,24.0,548.4300000000001,14.85,0,0,0,0,0
YG BOGOF 40s EM3501A,Inactive,yg-bogof-40s-em3501a,Email,6068,149,18.49,0.07,4.0,73.96,12.19,0,0,0,0,0
YG BOGOF 40s EM3490E,Inactive,yg-bogof-40s-em3490e,Email,10145,249,46.62,0.03,3.0,139.85,13.79,0,0,0,0,0
YG BOGOF 40s EM3490D,Inactive,yg-bogof-40s-em3490d,Email,97698,965,27.95,0.0,4.0,111.79999999999998,1.14,0,0,0,0,0
YG BOGOF 40s EM3490C,Inactive,yg-bogof-40s-em3490c,Email,38583,711,19.79,0.03,10.0,197.86,5.13,0,0,0,0,0
YG BOGOF 40s EM3490B 2,Inactive,yg-bogof-40s-em3490b-2,Email,2,0,0,0,0,0,0,0,0,0,0,0
YG BOGOF 40s EM3490B,Inactive,yg-bogof-40s-em3490b,Email,1,0,0,0,0,0,0,0,0,0,0,0
YG BOGOF 40s EM3490A,Inactive,yg-bogof-40s-em3490a,Email,43917,1764,38.83,0.06,25.0,970.7,22.1,0,0,0,0,0
YG BOGOF 40s EM3481E,Inactive,yg-bogof-40s-em3481e,Email,31172,663,34.97,0.01,4.0,139.88,4.49,0,0,0,0,0
YG BOGOF 40s EM3481D,Inactive,yg-bogof-40s-em3481d,Email,96431,929,17.99,0.0,3.0,53.97,0.56,0,0,0,0,0
YG BOGOF 40s EM3481C,Inactive,yg-bogof-40s-em3481c,Email,39652,892,19.7,0.02,7.0,137.89999999999998,3.48,0,0,0,0,0
YG BOGOF 40s EM3481B,Inactive,yg-bogof-40s-em3481b,Email,39017,1688,28.5,0.06,24.0,683.9599999999999,17.53,0,0,0,0,0
YG BOGOF 40s EM3481A,Inactive,yg-bogof-40s-em3481a,Email,6173,129,0,0,0,0,0,0,0,0,0,0
YG BOGOF 12s EM3541E,Inactive,yg-bogof-12s-em3541e,Email,13767,409,36.97,0.01,1.0,36.97,2.69,0,0,0,0,0
YG BOGOF 12s EM3541D,Active,yg-bogof-12s-em3541d,Email,93818,1006,33.07,0.01,7.0,231.51999999999998,2.47,0,0,0,0,0
YG BOGOF 12s EM3541C,Active,yg-bogof-12s-em3541c,Email,32452,750,21.45,0.03,10.0,214.53,6.61,0,0,0,0,0
YG BOGOF 12s EM3541B,Active,yg-bogof-12s-em3541b,Email,47209,2425,34.85,0.06,29.0,1010.6100000000002,21.41,0,0,0,0,0
YG BOGOF 12s EM3541A New v2,Inactive,yg-bogof-12s-em3541a-new-v2,Email,1,0,0,0,0,0,0,0,0,0,0,0
YG BOGOF 12s EM3541A New,Inactive,yg-bogof-12s-em3541a-new,Email,5,0,0,0,0,0,0,0,0,0,0,0
YG BOGOF 12s EM3541A,Inactive,yg-bogof-12s-em3541a,Email,8120,208,35.96,0.02,2.0,71.92,8.86,0,0,0,0,0
YG BOGOF 12s EM3507E,Active,yg-bogof-12s-em3507e,Email,10653,302,49.43,0.02,2.0,98.86,9.28,0,0,0,0,0
YG BOGOF 12s EM3507D,Active,yg-bogof-12s-em3507d,Email,95876,883,23.8,0.01,6.0,142.82,1.49,0,0,0,0,0
YG BOGOF 12s EM3507C,Active,yg-bogof-12s-em3507c,Email,37979,706,66.42,0.01,2.0,132.85,3.5,0,0,0,0,0
YG BOGOF 12s EM3507B,Active,yg-bogof-12s-em3507b,Email,38310,1708,34.94,0.05,21.0,733.6600000000002,19.15,0,0,0,0,0
YG BOGOF 12s EM3507A New,Inactive,yg-bogof-12s-em3507a-new,Email,6295,110,49.94,0.02,1.0,49.94,7.93,0,0,0,0,0
YG Black Friday Countdown 281125,Inactive,yg-black-friday-countdown-281125,Email,2,0,0,0,0,0,0,0,0,0,0,0
YG Black Friday Countdown 271125,Active,yg-black-friday-countdown-271125,Email,172515,0,0,0,0,0,0,0,0,0,0,0
YG Black Friday Countdown 261125,Active,yg-black-friday-countdown-261125,Email,175587,0,0,0,0,0,0,0,0,0,0,0
YG Black Friday Countdown 251125,Active,yg-black-friday-countdown-251125,Email,173340,0,0,0,0,0,0,0,0,0,0,0
YG Black Friday Countdown 241125,Active,yg-black-friday-countdown-241125,Email,175036,0,0,0,0,0,0,0,0,0,0,0
YG Black Friday Countdown 231125,Active,yg-black-friday-countdown-231125,Email,176644,0,0,0,0,0,0,0,0,0,0,0
YG Bestsellers YGTEST,Inactive,yg-bestsellers-ygtest,Email,2,0,0,0,0,0,0,0,0,0,0,0
YG BESTSELLERS MULTI-CAT EM3540E,Active,yg-bestsellers-multi-cat-em3540e,Email,14720,420,21.38,0.01,1.0,21.38,1.45,0,0,0,0,0
YG BESTSELLERS MULTI-CAT EM3540D,Active,yg-bestsellers-multi-cat-em3540d,Email,93790,860,64.79,0.0,3.0,194.36,2.07,0,0,0,0,0
YG BESTSELLERS MULTI-CAT EM3540C,Active,yg-bestsellers-multi-cat-em3540c,Email,28935,399,53.55,0.02,5.0,267.74,9.25,0,0,0,0,0
YG BESTSELLERS MULTI-CAT EM3540B,Active,yg-bestsellers-multi-cat-em3540b,Email,45363,1223,28.73,0.05,21.0,603.2700000000001,13.3,0,0,0,0,0
YG BESTSELLERS MULTI-CAT EM3540A,Inactive,yg-bestsellers-multi-cat-em3540a,Email,8315,139,30.97,0.04,3.0,92.92,11.17,0,0,0,0,0
YG Bestsellers Most Popular EM3502E,Inactive,yg-bestsellers-most-popular-em3502e,Email,10389,100,34.48,0.02,2.0,68.95,6.64,0,0,0,0,0
YG Bestsellers Most Popular EM3502D,Active,yg-bestsellers-most-popular-em3502d,Email,95629,255,55.35,0.0,2.0,110.7,1.16,0,0,0,0,0
YG Bestsellers Most Popular EM3502C,Active,yg-bestsellers-most-popular-em3502c,Email,37042,151,35.01,0.0,1.0,35.01,0.95,0,0,0,0,0
YG Bestsellers Most Popular EM3502B,Active,yg-bestsellers-most-popular-em3502b,Email,34264,265,48.41,0.01,2.0,96.83,2.83,0,0,0,0,0
YG Bestsellers Most Popular EM3502A v2,Inactive,yg-bestsellers-most-popular-em3502a-v2,Email,5922,52,0,0,0,0,0,0,0,0,0,0
YG Bestsellers Most Popular EM3502A,Inactive,yg-bestsellers-most-popular-em3502a,Email,6,0,0,0,0,0,0,0,0,0,0,0
YG BESTSELLERS EM3582E,Inactive,yg-bestsellers-em3582e,Email,1,0,0,0,0,0,0,0,0,0,0,0
YG BESTSELLERS EM3582D,Inactive,yg-bestsellers-em3582d,Email,1,0,0,0,0,0,0,0,0,0,0,0
YG BESTSELLERS EM3582C,Inactive,yg-bestsellers-em3582c,Email,1,0,0,0,0,0,0,0,0,0,0,0
YG BESTSELLERS EM3582B,Inactive,yg-bestsellers-em3582b,Email,1,0,0,0,0,0,0,0,0,0,0,0
YG BESTSELLERS EM3582A,Inactive,yg-bestsellers-em3582a,Email,1,0,0,0,0,0,0,0,0,0,0,0
YG BESTSELLERS EM3581E,Active,yg-bestsellers-em3581e,Email,18555,433,0,0,0,0,0,0,0,0,0,0
YG BESTSELLERS EM3581D,Active,yg-bestsellers-em3581d,Email,89779,843,34.97,0.01,5.0,174.82999999999998,1.95,0,0,0,0,0
YG BESTSELLERS EM3581C,Active,yg-bestsellers-em3581c,Email,17314,200,27.64,0.02,3.0,82.91,4.79,0,0,0,0,0
YG BESTSELLERS EM3581B,Active,yg-bestsellers-em3581b,Email,61534,1366,26.76,0.02,13.0,347.9,5.65,0,0,0,0,0
YG BESTSELLERS EM3581A,Active,yg-bestsellers-em3581a,Email,12651,231,35.96,0.02,3.0,107.89,8.53,0,0,0,0,0
YG BESTSELLERS EM3580E,Active,yg-bestsellers-em3580e,Email,16643,334,0,0,0,0,0,0,0,0,0,0
YG BESTSELLERS EM3580D,Active,yg-bestsellers-em3580d,Email,86277,564,0,0,0,0,0,0,0,0,0,0
YG BESTSELLERS EM3580C,Active,yg-bestsellers-em3580c,Email,16368,118,0,0,0,0,0,0,0,0,0,0
YG BESTSELLERS EM3580B,Active,yg-bestsellers-em3580b,Email,53901,927,60.69,0.02,12.0,728.2400000000002,13.51,0,0,0,0,0
YG BESTSELLERS EM3580A,Active,yg-bestsellers-em3580a,Email,11307,135,0,0,0,0,0,0,0,0,0,0
YG BESTSELLERS EM3577E,Active,yg-bestsellers-em3577e,Email,18463,405,0,0,0,0,0,0,0,0,0,0
YG BESTSELLERS EM3577D,Active,yg-bestsellers-em3577d,Email,91112,887,37.46,0.0,4.0,149.85999999999999,1.64,0,0,0,0,0
YG BESTSELLERS EM3577C,Active,yg-bestsellers-em3577c,Email,18800,302,49.94,0.01,2.0,99.87,5.31,0,0,0,0,0
YG BESTSELLERS EM3577B,Active,yg-bestsellers-em3577b,Email,62893,1707,46.24,0.01,8.0,369.95,5.88,0,0,0,0,0
YG BESTSELLERS EM3577A,Active,yg-bestsellers-em3577a,Email,12430,237,0,0,0,0,0,0,0,0,0,0
YG BESTSELLERS EM3574E,Active,yg-bestsellers-em3574e,Email,41428,1536,28.78,0.01,6.0,172.68,4.17,0,0,0,0,0
YG BESTSELLERS EM3574D,Active,yg-bestsellers-em3574d,Email,202667,3425,43.43,0.0,9.0,390.85,1.93,0,0,0,0,0
YG BESTSELLERS EM3574C,Active,yg-bestsellers-em3574c,Email,46221,940,43.73,0.02,8.0,349.84,7.57,0,0,0,0,0
YG BESTSELLERS EM3574B,Active,yg-bestsellers-em3574b,Email,154467,6430,32.7,0.03,51.0,1667.62,10.8,0,0,0,0,0
YG BESTSELLERS EM3574A,Active,yg-bestsellers-em3574a,Email,29442,894,32.95,0.01,2.0,65.91,2.24,0,0,0,0,0
YG BESTSELLERS EM3572E,Active,yg-bestsellers-em3572e,Email,33455,1173,22.96,0.0,1.0,22.96,0.69,0,0,0,0,0
YG BESTSELLERS EM3572D,Active,yg-bestsellers-em3572d,Email,169777,2606,48.44,0.0,6.0,290.61,1.71,0,0,0,0,0
YG BESTSELLERS EM3572C,Active,yg-bestsellers-em3572c,Email,40861,924,35.29,0.01,5.0,176.46999999999997,4.32,0,0,0,0,0
YG BESTSELLERS EM3572B,Active,yg-bestsellers-em3572b,Email,122856,5659,45.2,0.03,38.0,1717.4399999999998,13.98,0,0,0,0,0
YG BESTSELLERS EM3572A,Active,yg-bestsellers-em3572a,Email,22497,615,23.95,0.01,2.0,47.91,2.13,0,0,0,0,0
YG BESTSELLERS EM3565E,Active,yg-bestsellers-em3565e,Email,42064,1955,49.96,0.05,23.0,1149.07,27.32,0,0,0,0,0
YG BESTSELLERS EM3565D,Active,yg-bestsellers-em3565d,Email,206432,4165,51.31,0.01,25.0,1282.7600000000002,6.21,0,0,0,0,0
YG BESTSELLERS EM3565C,Active,yg-bestsellers-em3565c,Email,56622,1409,28.33,0.04,24.0,680.02,12.01,0,0,0,0,0
YG BESTSELLERS EM3565B,Active,yg-bestsellers-em3565b,Email,155416,7189,34.12,0.08,122.0,4162.7300000000005,26.78,0,0,0,0,0
YG BESTSELLERS EM3565A,Active,yg-bestsellers-em3565a,Email,26669,934,31.79,0.07,18.0,572.15,21.45,0,0,0,0,0
YG BESTSELLERS EM3545E v2,Active,yg-bestsellers-em3545e-v2,Email,31262,1124,37.33,0.02,7.0,261.28000000000003,8.36,0,0,0,0,0
YG BESTSELLERS EM3545E,Inactive,yg-bestsellers-em3545e,Email,5,9,0,0,0,0,0,0,0,0,0,0
YG BESTSELLERS EM3545D,Active,yg-bestsellers-em3545d,Email,175760,2560,29.83,0.01,19.0,566.7,3.22,0,0,0,0,0
YG BESTSELLERS EM3545C,Active,yg-bestsellers-em3545c,Email,57951,1566,29.09,0.04,25.0,727.1999999999999,12.55,0,0,0,0,0
YG BESTSELLERS EM3545B,Active,yg-bestsellers-em3545b,Email,112943,5028,28.14,0.08,95.0,2673.0400000000004,23.67,0,0,0,0,0
YG BESTSELLERS EM3545A v2,Active,yg-bestsellers-em3545a-v2,Email,17753,589,19.09,0.05,9.0,171.84,9.68,0,0,0,0,0
YG BESTSELLERS EM3545A,Inactive,yg-bestsellers-em3545a,Email,7,0,0,0,0,0,0,0,0,0,0,0
YG BESTSELLERS EM3542E,Active,yg-bestsellers-em3542e,Email,93991,562,34.85,0.0,3.0,104.56,1.11,0,0,0,0,0
YG BESTSELLERS EM3542D,Active,yg-bestsellers-em3542d,Email,94443,500,76.95,0.0,1.0,76.95,0.81,0,0,0,0,0
YG BESTSELLERS EM3542C,Active,yg-bestsellers-em3542c,Email,29676,322,37.6,0.01,3.0,112.81,3.8,0,0,0,0,0
YG BESTSELLERS EM3542B,Active,yg-bestsellers-em3542b,Email,50237,866,43.44,0.02,9.0,390.96,7.78,0,0,0,0,0
YG BESTSELLERS EM3542A,Inactive,yg-bestsellers-em3542a,Email,8822,154,17.97,0.01,1.0,17.97,2.04,0,0,0,0,0
YG BESTSELLERS EM3540E,Inactive,yg-bestsellers-em3540e,Email,21758,794,52.79,0.06,13.0,686.3,31.54,0,0,0,0,0
YG BESTSELLERS EM3540D,Active,yg-bestsellers-em3540d,Email,147275,1781,34.88,0.01,18.0,627.8900000000001,4.26,0,0,0,0,0
YG BESTSELLERS EM3540C,Active,yg-bestsellers-em3540c,Email,49336,1138,54.22,0.04,20.0,1084.45,21.98,0,0,0,0,0
YG BESTSELLERS EM3540B,Active,yg-bestsellers-em3540b,Email,77059,3117,38.3,0.09,66.0,2527.61,32.8,0,0,0,0,0
YG BESTSELLERS EM3540A,Inactive,yg-bestsellers-em3540a,Email,13017,328,41.68,0.02,3.0,125.04,9.61,0,0,0,0,0
YG BESTSELLERS EM3539E,Inactive,yg-bestsellers-em3539e,Email,14226,366,25.48,0.02,3.0,76.45,5.37,0,0,0,0,0
YG BESTSELLERS EM3539D,Active,yg-bestsellers-em3539d,Email,96925,770,26.31,0.01,5.0,131.54000000000002,1.36,0,0,0,0,0
YG BESTSELLERS EM3539C,Active,yg-bestsellers-em3539c,Email,33170,433,20.15,0.02,6.0,120.9,3.64,0,0,0,0,0
YG BESTSELLERS EM3539B,Active,yg-bestsellers-em3539b,Email,52235,1187,21.86,0.04,20.0,437.1,8.37,0,0,0,0,0
YG BESTSELLERS EM3539A,Inactive,yg-bestsellers-em3539a,Email,7763,173,25.44,0.03,2.0,50.870000000000005,6.55,0,0,0,0,0
YG BESTSELLERS EM3529E,Inactive,yg-bestsellers-em3529e,Email,13492,322,0,0,0,0,0,0,0,0,0,0
YG BESTSELLERS EM3529D,Active,yg-bestsellers-em3529dv2,Email,93978,515,51.94,0.0,3.0,155.82,1.66,0,0,0,0,0
YG BESTSELLERS EM3529D,Inactive,yg-bestsellers-em3529d,Email,1,0,0,0,0,0,0,0,0,0,0,0
YG BESTSELLERS EM3529C,Active,yg-bestsellers-em3529cv2,Email,35063,309,43.95,0.01,5.0,219.77,6.27,0,0,0,0,0
YG BESTSELLERS EM3529C,Inactive,yg-bestsellers-em3529c,Email,1,0,0,0,0,0,0,0,0,0,0,0
YG BESTSELLERS EM3529B,Active,yg-bestsellers-em3529bv2,Email,44814,651,33.43,0.02,11.0,367.76,8.21,0,0,0,0,0
YG BESTSELLERS EM3529B,Inactive,yg-bestsellers-em3529b,Email,1,0,0,0,0,0,0,0,0,0,0,0
YG BESTSELLERS EM3529A,Inactive,yg-bestsellers-em3529av2,Email,7704,51,0,0,0,0,0,0,0,0,0,0
YG BESTSELLERS EM3529A,Inactive,yg-bestsellers-em3529a,Email,8,0,0,0,0,0,0,0,0,0,0,0
YG BESTSELLERS EM3522E,Active,yg-bestsellers-em3522e,Email,12456,336,22.43,0.02,2.0,44.87,3.6,0,0,0,0,0
YG BESTSELLERS EM3522D,Active,yg-bestsellers-em3522d,Email,94575,807,27.63,0.0,3.0,82.89,0.88,0,0,0,0,0
YG BESTSELLERS EM3522C,Inactive,yg-bestsellers-em3522c,Email,37008,541,25.46,0.02,6.0,152.77,4.13,0,0,0,0,0
YG BESTSELLERS EM3522B,Active,yg-bestsellers-em3522b,Email,44349,1064,35.8,0.03,14.0,501.2099999999999,11.3,0,0,0,0,0
YG BESTSELLERS EM3522A,Active,yg-bestsellers-em3522a,Email,6155,90,0,0,0,0,0,0,0,0,0,0
YG BESTSELLERS EM3520E v2,Active,yg-bestsellers-em3520e-v2,Email,16987,862,52.04,0.05,9.0,468.37,27.57,0,0,0,0,0
YG BESTSELLERS EM3520E,Inactive,yg-bestsellers-em3520e,Email,2,0,0,0,0,0,0,0,0,0,0,0
YG BESTSELLERS EM3520D v2,Active,yg-bestsellers-em3520d-v2,Email,131508,1912,28.96,0.01,10.0,289.58,2.2,0,0,0,0,0
YG BESTSELLERS EM3520D,Inactive,yg-bestsellers-em3520d,Email,2,0,0,0,0,0,0,0,0,0,0,0
YG BESTSELLERS EM3520C v2,Active,yg-bestsellers-em3520c-v2,Email,53023,1379,28.84,0.04,19.0,547.99,10.33,0,0,0,0,0
YG BESTSELLERS EM3520C,Inactive,yg-bestsellers-em3520c,Email,2,0,0,0,0,0,0,0,0,0,0,0
YG BESTSELLERS EM3520B v2,Active,yg-bestsellers-em3520b-v2,Email,61898,3174,33.81,0.11,70.0,2367.0200000000004,38.24,0,0,0,0,0
YG BESTSELLERS EM3520B,Inactive,yg-bestsellers-em3520b,Email,2,0,0,0,0,0,0,0,0,0,0,0
YG BESTSELLERS EM3520A v2,Inactive,yg-bestsellers-em3520a-v2,Email,9517,350,28.19,0.05,5.0,140.94,14.81,0,0,0,0,0
YG BESTSELLERS EM3520A,Inactive,yg-bestsellers-em3520a,Email,6400,222,15.98,0.02,1.0,15.98,2.5,0,0,0,0,0
YG Bestsellers CL3357,Inactive,yg-bestsellers-cl3357,Email,2,0,0,0,0,0,0,0,0,0,0,0
YG Bestsellers (from each range) WELCOME10,Active,yg-bestsellers-from-each-range-welcome10,Email,93728,3896,36.59,0.12,116.0,4244.8,45.29,0,0,0,0,0
YG Bestsellers (from each range) EMPP2,Inactive,yg-bestsellers-from-each-range-empp2,Email,8,0,0,0,0,0,0,0,0,0,0,0
YG Bestsellers (from each range) EM3491F,Active,yg-bestsellers-from-each-range-em3491f,Email,48613,138,24.95,0.0,1.0,24.95,0.51,0,0,0,0,0
YG Bestsellers (from each range) EM3491E,Inactive,yg-bestsellers-from-each-range-em3491e,Email,10013,103,0,0,0,0,0,0,0,0,0,0
YG Bestsellers (from each range) EM3491D,Active,yg-bestsellers-from-each-range-em3491d,Email,48327,139,33.97,0.0,1.0,33.97,0.7,0,0,0,0,0
YG Bestsellers (from each range) EM3491C,Active,yg-bestsellers-from-each-range-em3491c,Email,38158,159,0,0,0,0,0,0,0,0,0,0
YG Bestsellers (from each range) EM3491B,Active,yg-bestsellers-from-each-range-em3491b,Email,18293,126,23.08,0.01,2.0,46.16,2.52,0,0,0,0,0
YG Bestsellers (from each range) EM3491A,Inactive,yg-bestsellers-from-each-range-em3491a,Email,5972,34,0,0,0,0,0,0,0,0,0,0
YG Bestsellers (from each range) EM3491,Active,yg-bestsellers-from-each-range-em3491,Email,17967,207,24.95,0.01,1.0,24.95,1.39,0,0,0,0,0
YG Bestsellers (from each range) EM3487E,Inactive,yg-bestsellers-from-each-range-em3487e,Email,9971,57,0,0,0,0,0,0,0,0,0,0
YG Bestsellers (from each range) EM3487D,Active,yg-bestsellers-from-each-range-em3487d,Email,95869,200,0,0,0,0,0,0,0,0,0,0
YG Bestsellers (from each range) EM3487C,Active,yg-bestsellers-from-each-range-em3487c,Email,37359,72,0,0,0,0,0,0,0,0,0,0
YG Bestsellers (from each range) EM3487B,Active,yg-bestsellers-from-each-range-em3487b,Email,35038,128,0,0,0,0,0,0,0,0,0,0
YG Bestsellers (from each range) EM3487A,Inactive,yg-bestsellers-from-each-range-em3487a,Email,5790,16,0,0,0,0,0,0,0,0,0,0
YG Bestsellers (from each range) EM3480E,Active,yg-bestsellers-from-each-range-em3480e,Email,22359,792,44.45,0.04,8.0,355.63,15.91,0,0,0,0,0
YG Bestsellers (from each range) EM3480D,Active,yg-bestsellers-from-each-range-em3480d,Email,207541,2609,39.1,0.01,16.0,625.5600000000001,3.01,0,0,0,0,0
YG Bestsellers (from each range) EM3480C,Active,yg-bestsellers-from-each-range-em3480c,Email,90145,1586,42.86,0.01,12.0,514.29,5.71,0,0,0,0,0
YG Bestsellers (from each range) EM3480B,Active,yg-bestsellers-from-each-range-em3480b,Email,93128,3792,31.8,0.07,62.0,1971.48,21.17,0,0,0,0,0
YG Bestsellers (from each range) EM3480A,Inactive,yg-bestsellers-from-each-range-em3480a,Email,13584,356,47.95,0.03,4.0,191.79,14.12,0,0,0,0,0
YG Bestsellers (from each range) EM3477A,Inactive,yg-bestsellers-from-each-range-em3477a,Email,6029,54,0,0,0,0,0,0,0,0,0,0
YG Bestsellers (from each range) EM3476E,Inactive,yg-bestsellers-from-each-range-em3476e,Email,9484,67,36.97,0.01,1.0,36.97,3.9,0,0,0,0,0
YG Bestsellers (from each range) EM3476D,Active,yg-bestsellers-from-each-range-em3476d,Email,95936,442,56.69,0.0,2.0,113.38,1.18,0,0,0,0,0
YG Bestsellers (from each range) EM3476C,Active,yg-bestsellers-from-each-range-em3476c,Email,38116,185,69.88,0.0,1.0,69.88,1.83,0,0,0,0,0
YG Bestsellers (from each range) EM3476B,Active,yg-bestsellers-from-each-range-em3476b,Email,35595,218,0,0,0,0,0,0,0,0,0,0
YG Bestsellers (from each range) EM3476A,Inactive,yg-bestsellers-from-each-range-em3476a,Email,5984,45,0,0,0,0,0,0,0,0,0,0
YG Bestsellers (from each range) EM3474E,Inactive,yg-bestsellers-from-each-range-em3474e,Email,9047,117,0,0,0,0,0,0,0,0,0,0
YG Bestsellers (from each range) EM3474D,Active,yg-bestsellers-from-each-range-em3474d,Email,94394,471,34.64,0.0,3.0,103.91,1.1,0,0,0,0,0
YG Bestsellers (from each range) EM3474C,Inactive,yg-bestsellers-from-each-range-em3474c,Email,34727,192,0,0,0,0,0,0,0,0,0,0
YG Bestsellers (from each range) EM3474B,Active,yg-bestsellers-from-each-range-em3474b,Email,34526,329,0,0,0,0,0,0,0,0,0,0
YG Bestsellers (from each range) EM3474A,Inactive,yg-bestsellers-from-each-range-em3474a,Email,5978,53,0,0,0,0,0,0,0,0,0,0
YG Bestsellers (from each range) EM3466E,Inactive,yg-bestsellers-from-each-range-em3466e,Email,9181,50,0,0,0,0,0,0,0,0,0,0
YG Bestsellers (from each range) EM3466D,Active,yg-bestsellers-from-each-range-em3466d,Email,97096,221,0,0,0,0,0,0,0,0,0,0
YG Bestsellers (from each range) EM3466C,Active,yg-bestsellers-from-each-range-em3466c,Email,38350,103,72.75,0.0,1.0,72.75,1.9,0,0,0,0,0
YG Bestsellers (from each range) EM3466B,Active,yg-bestsellers-from-each-range-em3466b,Email,35672,219,0,0,0,0,0,0,0,0,0,0
YG Bestsellers (from each range) EM3466A,Inactive,yg-bestsellers-from-each-range-em3466a,Email,4492,40,0,0,0,0,0,0,0,0,0,0
YG Bestsellers (from each range) EM3465E,Inactive,yg-bestsellers-from-each-range-em3465e,Email,5,1,0,0,0,0,0,0,0,0,0,0
YG Bestsellers (from each range) EM3465D,Inactive,yg-bestsellers-from-each-range-em3465d,Email,5,0,0,0,0,0,0,0,0,0,0,0
YG Bestsellers (from each range) EM3465C,Inactive,yg-bestsellers-from-each-range-em3465c,Email,4,0,0,0,0,0,0,0,0,0,0,0
YG Bestsellers (from each range) EM3465B,Inactive,yg-bestsellers-from-each-range-em3465b,Email,4,0,0,0,0,0,0,0,0,0,0,0
YG Bestsellers (from each range) EM3465A,Inactive,yg-bestsellers-from-each-range-em3465a,Email,5,0,0,0,0,0,0,0,0,0,0,0
YG Bestsellers (from each range) EM3464E,Inactive,yg-bestsellers-from-each-range-em3464e,Email,9037,74,0,0,0,0,0,0,0,0,0,0
YG Bestsellers (from each range) EM3464D,Active,yg-bestsellers-from-each-range-em3464d,Email,97060,243,0,0,0,0,0,0,0,0,0,0
YG Bestsellers (from each range) EM3464C,Active,yg-bestsellers-from-each-range-em3464c,Email,37198,97,21.97,0.0,1.0,21.97,0.59,0,0,0,0,0
YG Bestsellers (from each range) EM3464B,Active,yg-bestsellers-from-each-range-em3464b,Email,33921,165,30.41,0.01,2.0,60.83,1.79,0,0,0,0,0
YG Bestsellers (from each range) EM3464A,Inactive,yg-bestsellers-from-each-range-em3464a,Email,4418,31,41.96,0.02,1.0,41.96,9.5,0,0,0,0,0
YG Bestsellers (from each range) EM3463E,Inactive,yg-bestsellers-from-each-range-em3463e,Email,9487,110,0,0,0,0,0,0,0,0,0,0
YG Bestsellers (from each range) EM3463D,Active,yg-bestsellers-from-each-range-em3463d,Email,98614,356,40.45,0.0,2.0,80.91,0.82,0,0,0,0,0
YG Bestsellers (from each range) EM3463C,Active,yg-bestsellers-from-each-range-em3463c,Email,38177,173,32.3,0.01,3.0,96.9,2.54,0,0,0,0,0
YG Bestsellers (from each range) EM3463B,Active,yg-bestsellers-from-each-range-em3463b,Email,34789,305,47.92,0.01,2.0,95.84,2.75,0,0,0,0,0
YG Bestsellers (from each range) EM3463A,Inactive,yg-bestsellers-from-each-range-em3463a,Email,4551,60,0,0,0,0,0,0,0,0,0,0
YG Bestsellers (from each range) EM3461E,Active,yg-bestsellers-from-each-range-em3461e,Email,8984,104,15.48,0.01,1.0,15.48,1.72,0,0,0,0,0
YG Bestsellers (from each range) EM3461D,Active,yg-bestsellers-from-each-range-em3461d,Email,97319,357,0,0,0,0,0,0,0,0,0,0
YG Bestsellers (from each range) EM3461C,Active,yg-bestsellers-from-each-range-em3461c,Email,36776,140,0,0,0,0,0,0,0,0,0,0
YG Bestsellers (from each range) EM3461B,Active,yg-bestsellers-from-each-range-em3461b,Email,34242,317,17.56,0.01,5.0,87.78,2.56,0,0,0,0,0
YG Bestsellers (from each range) EM3461A,Inactive,yg-bestsellers-from-each-range-em3461a,Email,6166,40,0,0,0,0,0,0,0,0,0,0
YG Bestsellers (from each range) EM3459E,Inactive,yg-bestsellers-from-each-range-em3459e,Email,1,0,0,0,0,0,0,0,0,0,0,0
YG Bestsellers (from each range) EM3459D,Inactive,yg-bestsellers-from-each-range-em3459d,Email,1,0,0,0,0,0,0,0,0,0,0,0
YG Bestsellers (from each range) EM3459C,Inactive,yg-bestsellers-from-each-range-em3459c,Email,1,0,0,0,0,0,0,0,0,0,0,0
YG Bestsellers (from each range) EM3459B,Inactive,yg-bestsellers-from-each-range-em3459b,Email,1,0,0,0,0,0,0,0,0,0,0,0
YG Bestsellers (from each range) EM3459A,Inactive,yg-bestsellers-from-each-range-em3459a,Email,12,0,0,0,0,0,0,0,0,0,0,0
YG Bestsellers (from each range) EM3457E,Inactive,yg-bestsellers-from-each-range-em3457e,Email,9592,75,0,0,0,0,0,0,0,0,0,0
YG Bestsellers (from each range) EM3457D,Inactive,yg-bestsellers-from-each-range-em3457d,Email,98465,246,0,0,0,0,0,0,0,0,0,0
YG Bestsellers (from each range) EM3457C,Inactive,yg-bestsellers-from-each-range-em3457c,Email,37539,101,0,0,0,0,0,0,0,0,0,0
YG Bestsellers (from each range) EM3457B,Active,yg-bestsellers-from-each-range-em3457b,Email,35198,214,24.45,0.01,2.0,48.89,1.39,0,0,0,0,0
YG Bestsellers (from each range) EM3457A,Inactive,yg-bestsellers-from-each-range-2-em3457a,Email,6387,36,0,0,0,0,0,0,0,0,0,0
YG Bestsellers (from each range) EM3457A,Inactive,duplicate-of-yg-bestsellers-from-each-range-em3457b,Email,1,0,0,0,0,0,0,0,0,0,0,0
YG Bestsellers (from each range) EM3456D,Inactive,yg-bestsellers-from-each-range-em3456d,Email,98056,271,0,0,0,0,0,0,0,0,0,0
YG Bestsellers (from each range) EM3456C,Active,yg-bestsellers-from-each-range-em3456c,Email,36810,92,0,0,0,0,0,0,0,0,0,0
YG Bestsellers (from each range) EM3456B,Active,yg-bestsellers-from-each-range-em3456b,Email,35080,220,0,0,0,0,0,0,0,0,0,0
YG Bestsellers (from each range) EM3456A,Active,yg-bestsellers-from-each-range-em3456a,Email,27678,178,0,0,0,0,0,0,0,0,0,0
YG Bestsellers (from each range) EM3455,Active,yg-bestsellers-from-each-range-em3455,Email,183770,1646,38.46,0.0,7.0,269.21,1.46,0,0,0,0,0
YG Bestsellers (from each range) EM3454,Active,yg-bestsellers-from-each-range-em3454,Email,168450,636,20.37,0.0,1.0,20.37,0.12,0,0,0,0,0
YG Bestsellers (from each range) EM3453,Active,yg-bestsellers-from-each-range-em3453,Email,541853,14076,33.8,0.01,76.0,2568.76,4.74,0,0,0,0,0
YG Bestsellers (from each range) EM3451,Active,yg-bestsellers-from-each-range-em3451,Email,177640,840,23.16,0.0,4.0,92.63,0.52,0,0,0,0,0
YG Bestsellers (from each range) EM3450,Active,yg-bestsellers-from-each-range-em3450,Email,147940,466,0,0,0,0,0,0,0,0,0,0
YG Bestsellers (from each range) EM3449,Inactive,yg-bestsellers-from-each-range-em3449,Email,3112,25,0,0,0,0,0,0,0,0,0,0
YG Bestsellers (from each range) EM3448,Active,yg-bestsellers-from-each-range-em3448,Email,175152,1036,26.97,0.0,2.0,53.93000000000001,0.31,0,0,0,0,0
YG Bestsellers (from each range) EM3447,Active,yg-bestsellers-from-each-range-em3447,Email,174666,569,18.96,0.0,1.0,18.96,0.11,0,0,0,0,0
YG Bestsellers (from each range) EM3446,Active,yg-bestsellers-from-each-range-em3446,Email,183755,932,22.14,0.0,3.0,66.41,0.36,0,0,0,0,0
YG Bestsellers (from each range) EM3445,Active,yg-bestsellers-from-each-range-em3445,Email,147113,395,44.61,0.0,4.0,178.45999999999998,1.21,0,0,0,0,0
YG Bestsellers (from each range) EM3444,Active,yg-bestsellers-from-each-range-em3444,Email,176913,430,108.7,0.0,1.0,108.7,0.61,0,0,0,0,0
YG Bestsellers (from each range) EM3443,Active,yg-bestsellers-from-each-range-em3443,Email,179457,698,23.97,0.0,1.0,23.97,0.13,0,0,0,0,0
YG Bestsellers (from each range) EM3442,Active,yg-bestsellers-from-each-range-em3442,Email,176104,830,31.62,0.0,2.0,63.239999999999995,0.36,0,0,0,0,0
YG Bestsellers (from each range) EM3441,Inactive,yg-bestsellers-from-each-range-em3441,Email,15,3,0,0,0,0,0,0,0,0,0,0
YG Bestsellers (from each range) EM3440,Active,yg-bestsellers-from-each-range-em3440,Email,179333,866,18.47,0.0,5.0,92.35000000000001,0.51,0,0,0,0,0
YG Bestsellers (from each range) EM3438,Active,yg-bestsellers-from-each-range-em3438,Email,149256,489,38.96,0.0,1.0,38.96,0.26,0,0,0,0,0
YG Bestsellers (from each range) EM3437,Active,yg-bestsellers-from-each-range-em3437,Email,177446,613,30.06,0.0,4.0,120.22999999999999,0.68,0,0,0,0,0
YG Bestsellers (from each range) EM3436,Active,yg-bestsellers-from-each-range-em3436,Email,176280,462,27.33,0.0,5.0,136.63,0.78,0,0,0,0,0
YG Bestsellers (from each range) EM3435,Inactive,yg-bestsellers-from-each-range-em3435,Email,1,0,0,0,0,0,0,0,0,0,0,0
YG Bestsellers (from each range) EM3433,Active,yg-bestsellers-from-each-range-em3433,Email,179973,771,30.92,0.0,7.0,216.46,1.2,0,0,0,0,0
YG Bestsellers (from each range) EM3432,Active,yg-bestsellers-from-each-range-em3432,Email,172435,532,0,0,0,0,0,0,0,0,0,0
YG Bestsellers (from each range) EM3431,Active,yg-bestsellers-from-each-range-em3431,Email,154357,716,49.71,0.0,3.0,149.13,0.97,0,0,0,0,0
YG Bestsellers (from each range) EM3429,Active,yg-bestsellers-from-each-range-em3429,Email,178947,586,16.98,0.0,1.0,16.98,0.09,0,0,0,0,0
YG Bestsellers (from each range) EM3428,Active,yg-bestsellers-from-each-range-em3428,Email,179613,1324,27.08,0.0,3.0,81.22999999999999,0.45,0,0,0,0,0
YG Bestsellers (from each range) EM3427,Active,yg-bestsellers-from-each-range-em3427,Email,167696,941,18.31,0.0,3.0,54.92,0.33,0,0,0,0,0
YG Bestsellers (from each range) EM3426,Active,yg-bestsellers-from-each-range-em3426,Email,174143,1516,39.34,0.0,4.0,157.38,0.9,0,0,0,0,0
YG Bestsellers (from each range) EM3425,Active,yg-bestsellers-from-each-range-em3425,Email,327358,2565,30.69,0.01,19.0,583.13,1.78,0,0,0,0,0
YG Bestsellers (from each range) EM3424,Active,yg-bestsellers-from-each-range-em3424,Email,176920,1558,23.22,0.0,4.0,92.87,0.52,0,0,0,0,0
YG Bestsellers (from each range) EM3423,Active,yg-bestsellers-from-each-range-em3423,Email,174660,1364,31.23,0.0,5.0,156.16,0.89,0,0,0,0,0
YG Bestsellers (from each range) EM3422,Active,yg-bestsellers-from-each-range-em3422,Email,176919,1556,29.14,0.0,6.0,174.82,0.99,0,0,0,0,0
YG Bestsellers (from each range) EM3421,Active,yg-bestsellers-from-each-range-em3421,Email,177787,1788,29.55,0.01,11.0,325.05,1.83,0,0,0,0,0
YG Bestsellers (from each range) EM3420,Active,yg-bestsellers-from-each-range-em3420,Email,271690,4122,47.06,0.01,24.0,1129.43,4.16,0,0,0,0,0
YG Bestsellers (from each range) EM3407,Active,yg-bestsellers-from-each-range-em3407,Email,182264,506,33.97,0.0,1.0,33.97,0.19,0,0,0,0,0
YG Bestsellers (from each range) EM3405,Inactive,yg-bestsellers-from-each-range-em3405,Email,10,1,0,0,0,0,0,0,0,0,0,0
YG Bestsellers (from each range) EM3402,Active,yg-bestsellers-from-each-range-em3402,Email,184604,1030,37.3,0.0,4.0,149.20999999999998,0.81,0,0,0,0,0
YG Bestsellers (from each range) EM3400,Active,yg-bestsellers-from-each-range-em3400,Email,186783,712,32.18,0.0,5.0,160.92000000000002,0.86,0,0,0,0,0
YG Bestsellers (from each range) EM3397,Active,yg-bestsellers-from-each-range-em3397,Email,179633,677,29.06,0.0,3.0,87.18,0.49,0,0,0,0,0
YG Bestsellers (from each range) EM3395,Active,yg-bestsellers-from-each-range-em3395,Email,183821,1165,21.98,0.0,1.0,21.98,0.12,0,0,0,0,0
YG Bestsellers (from each range) EM3394,Active,yg-bestsellers-from-each-range-em3394,Email,159399,908,34.7,0.0,4.0,138.81,0.87,0,0,0,0,0
YG Bestsellers (from each range) EM3393,Active,yg-bestsellers-from-each-range-em3393,Email,178280,675,0,0,0,0,0,0,0,0,0,0
YG Bestsellers (from each range) EM3392,Active,yg-bestsellers-from-each-range-em3392,Email,177494,936,38.47,0.0,2.0,76.94999999999999,0.43,0,0,0,0,0
YG Bestsellers (from each range) EM3391,Active,yg-bestsellers-from-each-range-em3391,Email,185903,1080,22.98,0.0,3.0,68.93,0.37,0,0,0,0,0
YG Bestsellers (from each range) EM3389,Active,yg-bestsellers-from-each-range-em3389,Email,184721,923,35.45,0.0,5.0,177.25,0.96,0,0,0,0,0
YG Bestsellers (from each range) EM3388,Active,yg-bestsellers-from-each-range-em3388,Email,185838,1064,41.71,0.0,4.0,166.85000000000002,0.9,0,0,0,0,0
YG Bestsellers (from each range) EM3387,Inactive,yg-bestsellers-from-each-range-em3387,Email,1,0,0,0,0,0,0,0,0,0,0,0
YG Bestsellers (from each range) EM3386,Active,yg-bestsellers-from-each-range-em3386,Email,181783,536,21.98,0.0,1.0,21.98,0.12,0,0,0,0,0
YG Bestsellers (from each range) EM3385,Active,yg-bestsellers-from-each-range-em3385,Email,189477,1273,31.69,0.01,10.0,316.93,1.67,0,0,0,0,0
YG Bestsellers (from each range) EM3384,Active,yg-bestsellers-from-each-range-em3384,Email,179774,622,45.74,0.0,3.0,137.22,0.76,0,0,0,0,0
YG Bestsellers (from each range) EM3380,Active,yg-bestsellers-from-each-range-em3380,Email,177434,926,36.0,0.0,6.0,216.00999999999996,1.22,0,0,0,0,0
YG Bestsellers (from each range) EM3379,Active,yg-bestsellers-from-each-range-em3379,Email,166334,1100,29.42,0.0,5.0,147.1,0.88,0,0,0,0,0
YG Bestsellers (from each range) EM3377,Inactive,yg-bestsellers-from-each-range-em3377,Email,187158,912,25.15,0.0,7.0,176.07,0.94,0,0,0,0,0
YG Bestsellers (from each range) EM3375,Inactive,yg-bestsellers-from-each-range-em3375,Email,1,0,0,0,0,0,0,0,0,0,0,0
YG Bestsellers (from each range) EM3368,Active,yg-bestsellers-from-each-range-em3368,Email,184317,1501,30.95,0.0,3.0,92.85000000000001,0.5,0,0,0,0,0
YG Bestsellers (from each range) EM3367,Active,yg-bestsellers-from-each-range-em3367,Email,182494,1078,42.99,0.0,3.0,128.97000000000003,0.71,0,0,0,0,0
YG Bestsellers (from each range) EM3366,Inactive,yg-bestsellers-from-each-range-em3366,Email,10,3,0,0,0,0,0,0,0,0,0,0
YG Bestsellers (from each range) EM3365,Active,yg-bestsellers-from-each-range-em3365,Email,47753,367,45.92,0.01,6.0,275.53,5.77,0,0,0,0,0
YG Bestsellers (from each range) EM3362,Active,yg-bestsellers-from-each-range-em3362,Email,182059,969,36.84,0.0,9.0,331.53,1.82,0,0,0,0,0
YG Bestsellers (from each range) EM3361,Active,yg-bestsellers-from-each-range-em3361,Email,355576,3267,32.84,0.01,26.0,853.85,2.4,0,0,0,0,0
YG Bestsellers (from each range) EM3359,Active,yg-bestsellers-from-each-range-em3359,Email,185202,970,74.14,0.0,5.0,370.69,2.0,0,0,0,0,0
YG Bestsellers (from each range) EM3356,Active,yg-bestsellers-from-each-range-em3356,Email,173070,1344,40.28,0.01,15.0,604.15,3.49,0,0,0,0,0
YG Bestsellers (from each range) EM3355,Active,yg-bestsellers-from-each-range-em3355,Email,48457,255,0,0,0,0,0,0,0,0,0,0
YG Bestsellers (from each range) EM3353,Active,yg-bestsellers-from-each-range-em3353,Email,27576,443,20.03,0.01,3.0,60.1,2.18,0,0,0,0,0
YG Bestsellers (from each range) EM3352,Active,yg-bestsellers-from-each-range-em3352,Email,111227,1937,30.91,0.01,16.0,494.51000000000005,4.45,0,0,0,0,0
YG Bestsellers (from each range) EM3350,Active,yg-bestsellers-from-each-range-em3350,Email,183245,1164,23.09,0.0,9.0,207.76999999999998,1.13,0,0,0,0,0
YG Bestsellers (from each range) EM3349,Inactive,yg-bestsellers-from-each-range-em3349,Email,1,0,0,0,0,0,0,0,0,0,0,0
YG Bestsellers (from each range) EM3347,Active,yg-bestsellers-from-each-range-em3347,Email,191904,1287,41.22,0.0,3.0,123.66000000000001,0.64,0,0,0,0,0
YG Bestsellers (from each range) EM3343,Active,yg-bestsellers-from-each-range-em3343,Email,178418,1328,39.31,0.0,5.0,196.57,1.1,0,0,0,0,0
YG Bestsellers (from each range) EM3340,Active,yg-bestsellers-from-each-range-em3340,Email,127991,5005,36.2,0.05,70.0,2533.8,19.8,0,0,0,0,0
YG Bestsellers (from each range) EM3339,Active,yg-bestsellers-from-each-range-em3339,Email,189029,1430,32.51,0.0,8.0,260.07,1.38,0,0,0,0,0
YG Bestsellers (from each range) EM3338,Active,yg-bestsellers-from-each-range-em3338,Email,181104,1116,40.45,0.0,4.0,161.8,0.89,0,0,0,0,0
YG Bestsellers (from each range) EM3335,Active,yg-bestsellers-from-each-range-em3335,Email,418269,9017,33.19,0.02,86.0,2854.03,6.82,0,0,0,0,0
YG Bestsellers (from each range) EM3332,Inactive,yg-bestsellers-from-each-range-em3332,Email,164244,2165,51.32,0.0,4.0,205.29000000000002,1.25,0,0,0,0,0
YG Bestsellers (from each range) EM3323,Inactive,yg-bestsellers-from-each-range-em3323,Email,193658,2313,26.27,0.01,17.0,446.56,2.31,0,0,0,0,0
YG Bestsellers (from each range) EM3318,Inactive,yg-bestsellers-from-each-range-em3318,Email,186499,2023,28.71,0.01,13.0,373.22999999999996,2.0,0,0,0,0,0
YG Bestsellers (from each range) EM3316,Inactive,yg-bestsellers-from-each-range-em3316,Email,197756,2903,19.94,0.01,17.0,339.01,1.71,0,0,0,0,0
YG Bestsellers (from each range) EM3313,Active,yg-bestsellers-from-each-range-em3313,Email,194264,2835,40.95,0.01,15.0,614.2499999999999,3.16,0,0,0,0,0
YG Bestsellers (from each range) EM3312,Active,yg-bestsellers-from-each-range-em3312,Email,181875,1470,33.28,0.01,14.0,465.95,2.56,0,0,0,0,0
YG Bestsellers (from each range) EM3306,Active,yg-bestsellers-from-each-range-em3306,Email,190557,1966,28.54,0.01,16.0,456.58000000000004,2.4,0,0,0,0,0
YG Bestsellers (from each range) EM3305,Active,yg-bestsellers-from-each-range-em3305,Email,427014,9283,30.18,0.03,138.0,4164.720000000001,9.75,0,0,0,0,0
YG Bestsellers (from each range) EM3300,Inactive,yg-bestsellers-from-each-range-em3300,Email,105555,2236,34.2,0.03,27.0,923.3199999999999,8.75,0,0,0,0,0
YG Bestsellers (from each range) EM3299,Active,yg-bestsellers-from-each-range-em3299,Email,187985,1914,32.26,0.01,10.0,322.61999999999995,1.72,0,0,0,0,0
YG Bestsellers (from each range) EM3289,Active,yg-bestsellers-from-each-range-em3289,Email,193082,1771,25.92,0.01,12.0,311.07,1.61,0,0,0,0,0
YG Bestsellers (from each range) EM3287,Active,yg-bestsellers-from-each-range-em3287,Email,186987,1768,29.22,0.01,10.0,292.16,1.56,0,0,0,0,0
YG Bestsellers (from each range) EM3286,Active,yg-bestsellers-from-each-range-em3286,Email,188460,2141,40.75,0.01,14.0,570.48,3.03,0,0,0,0,0
YG Bestsellers (from each range) EM3282,Active,yg-bestsellers-from-each-range-em3282,Email,126960,966,34.21,0.0,2.0,68.42,0.54,0,0,0,0,0
YG Bestsellers (from each range) EM3274,Active,yg-bestsellers-from-each-range-em3274,Email,171498,1117,34.4,0.01,12.0,412.74,2.41,0,0,0,0,0
YG Bestsellers (from each range) EM3271,Inactive,yg-bestsellers-from-each-range-em3271,Email,180063,1976,29.02,0.01,19.0,551.4100000000001,3.06,0,0,0,0,0
YG Bestsellers (from each range) EM3270,Inactive,yg-bestsellers-from-each-range-em3270,Email,172797,2528,31.82,0.01,19.0,604.57,3.5,0,0,0,0,0
YG Bestsellers (from each range) EM3265,Active,yg-bestsellers-from-each-range-em3265,Email,269011,5706,29.38,0.03,91.0,2673.6500000000005,9.94,0,0,0,0,0
YG Bestsellers (from each range) EM3260,Inactive,yg-bestsellers-from-each-range-em3260,Email,68464,1831,30.73,0.04,24.0,737.5,10.77,0,0,0,0,0
YG Bestsellers (from each range) CL3439,Active,yg-bestsellers-from-each-range-cl3439,Email,19441,103,54.74,0.01,1.0,54.74,2.82,0,0,0,0,0
YG Bestsellers (from each range) CL3430,Active,yg-bestsellers-from-each-range-cl3430,Email,19137,178,28.97,0.01,1.0,28.97,1.51,0,0,0,0,0
YG Bestsellers (from each range) CL3406,Active,yg-bestsellers-from-each-range-cl3406,Email,21199,411,35.75,0.01,2.0,71.5,3.37,0,0,0,0,0
YG Bestsellers (from each range) CL3390,Inactive,yg-bestsellers-from-each-range-cl3390,Email,20331,181,17.59,0.01,2.0,35.17,1.73,0,0,0,0,0
YG Bestsellers (from each range) CL3381,Inactive,yg-bestsellers-from-each-range-cl3381,Email,20133,86,28.21,0.0,1.0,28.21,1.4,0,0,0,0,0
YG Bestsellers (from each range) CL3373,Active,yg-bestsellers-from-each-range-cl3373,Email,32091,260,105.91,0.0,1.0,105.91,3.3,0,0,0,0,0
YG Bestsellers (from each range) CL3364,Inactive,yg-bestsellers-from-each-range-cl3364,Email,10,6,0,0,0,0,0,0,0,0,0,0
YG Bestsellers (from each range) CL3346,Inactive,yg-bestsellers-from-each-range-cl3346,Email,19697,204,0,0,0,0,0,0,0,0,0,0
YG Bestsellers (from each range) CL3337,Inactive,yg-bestsellers-from-each-range-cl3337,Email,20034,182,26.98,0.0,1.0,26.98,1.35,0,0,0,0,0
YG Bestsellers (from each range) CL3331,Inactive,yg-bestsellers-from-each-range-cl3331,Email,24097,245,48.94,0.0,1.0,48.94,2.03,0,0,0,0,0
YG Bestsellers (from each range) CL3325,Inactive,yg-bestsellers-from-each-range-cl3325,Email,22100,348,39.84,0.01,2.0,79.67999999999999,3.61,0,0,0,0,0
YG Bestsellers (from each range) CL3317,Inactive,yg-bestsellers-from-each-range-cl3317,Email,20572,296,34.7,0.01,2.0,69.41,3.37,0,0,0,0,0
YG Bestsellers (from each range) CL3307,Inactive,yg-bestsellers-from-each-range-cl3307,Email,21882,258,19.73,0.0,1.0,19.73,0.9,0,0,0,0,0
YG Bestsellers (from each range) CL3303,Inactive,yg-bestsellers-from-each-range-cl3303,Email,21997,302,27.86,0.02,4.0,111.43,5.07,0,0,0,0,0
YG Bestsellers (from each range) CL3285,Inactive,yg-bestsellers-from-each-range-cl3285,Email,21563,254,15.48,0.0,1.0,15.48,0.72,0,0,0,0,0
YG Bestsellers (from each range) CL3273,Active,yg-bestsellers-from-each-range-cl3273,Email,157564,504,10.0,0.0,1.0,10.0,0.06,0,0,0,0,0
YG Bestsellers (from each range) CL3272,Inactive,yg-bestsellers-from-each-range-cl3272,Email,20533,301,19.95,0.0,1.0,19.95,0.97,0,0,0,0,0
YG Bestsellers (from each range),Inactive,yg-bestsellers-from-each-range,Email,171949,2718,41.34,0.01,25.0,1033.4299999999998,6.01,0,0,0,0,0
YG Bedding EM3514C,Active,yg-bedding-em3514c,Email,38945,222,21.97,0.0,1.0,21.97,0.56,0,0,0,0,0
YG Bedding EM3514B,Active,yg-bedding-em3514b,Email,42173,561,18.73,0.0,2.0,37.45,0.89,0,0,0,0,0
YG Bedding EM3514A,Inactive,yg-bedding-em3514a,Email,5394,34,0,0,0,0,0,0,0,0,0,0
YG Bedding EM3348,Active,yg-bedding-em3348,Email,186406,1127,32.83,0.01,10.0,328.27000000000004,1.76,0,0,0,0,0
YG Bedding EM3336,Active,yg-bedding-em3336,Email,165462,1113,39.34,0.01,9.0,354.03,2.14,0,0,0,0,0
YG Bedding EM3327,Inactive,yg-bedding-em3327,Email,19,4,0,0,0,0,0,0,0,0,0,0
YG Bedding EM3324,Active,yg-bedding-em3324,Email,190516,1888,34.91,0.01,18.0,628.47,3.3,0,0,0,0,0
YG Bedding EM3322,Active,yg-bedding-em3322,Email,195193,1960,42.3,0.01,21.0,888.3100000000001,4.55,0,0,0,0,0
YG Bedding EM3320,Active,yg-bedding-em3320,Email,188029,1885,34.67,0.01,13.0,450.65999999999997,2.4,0,0,0,0,0
YG Bedding EM3308,Active,yg-bedding-em3308,Email,184243,1937,38.3,0.01,13.0,497.88,2.7,0,0,0,0,0
YG Bedding EM3304,Inactive,yg-bedding-em3304,Email,190569,2090,42.03,0.01,24.0,1008.7400000000001,5.29,0,0,0,0,0
YG Bedding EM3290,Inactive,yg-bedding-em3290,Email,180440,1633,41.67,0.01,22.0,916.7099999999998,5.08,0,0,0,0,0
YG Bedding EM3283,Inactive,yg-bedding-em3283,Email,1,0,0,0,0,0,0,0,0,0,0,0
YG Bedding EM3280,Active,yg-bedding-em3280,Email,93216,1006,37.42,0.01,9.0,336.82,3.61,0,0,0,0,0
YG Bedding EM3277,Inactive,yg-bedding-em3277,Email,177439,1667,34.82,0.01,23.0,800.8000000000001,4.51,0,0,0,0,0
YG Bedding EM3276,Inactive,yg-bedding-em3276,Email,95087,641,41.8,0.0,4.0,167.22,1.76,0,0,0,0,0
YG Bedding Clearance EM3587E,Active,yg-bedding-clearance-em3587e,Email,15663,260,64.94,0.01,1.0,64.94,4.15,0,0,0,0,0
YG Bedding Clearance EM3587D,Active,yg-bedding-clearance-em3587d,Email,75268,487,0,0,0,0,0,0,0,0,0,0
YG Bedding Clearance EM3587C,Active,yg-bedding-clearance-em3587c,Email,14378,177,28.64,0.02,3.0,85.91000000000001,5.98,0,0,0,0,0
YG Bedding Clearance EM3587B,Active,yg-bedding-clearance-em3587b,Email,51650,1058,17.13,0.02,11.0,188.45,3.65,0,0,0,0,0
YG Bedding Clearance EM3587A,Active,yg-bedding-clearance-em3587a,Email,10916,121,0,0,0,0,0,0,0,0,0,0
YG Bedding Clearance EM3583E,Active,yg-bedding-clearance-em3583e,Email,17446,728,30.87,0.02,3.0,92.61000000000001,5.31,0,0,0,0,0
YG Bedding Clearance EM3583D,Active,yg-bedding-clearance-em3583d,Email,87080,1572,26.94,0.01,11.0,296.29,3.4,0,0,0,0,0
YG Bedding Clearance EM3583C,Active,yg-bedding-clearance-em3583c,Email,16536,709,37.83,0.03,5.0,189.13,11.44,0,0,0,0,0
YG Bedding Clearance EM3583B,Active,yg-bedding-clearance-em3583b,Email,58867,5285,23.42,0.07,43.0,1006.9200000000004,17.1,0,0,0,0,0
YG Bedding Clearance EM3583A,Active,yg-bedding-clearance-em3583a,Email,12245,521,38.2,0.06,7.0,267.39000000000004,21.84,0,0,0,0,0
YG Bedding (from each range) EM3468E,Inactive,yg-bedding-from-each-range-em3468e,Email,9164,140,0,0,0,0,0,0,0,0,0,0
YG Bedding (from each range) EM3468D,Active,yg-bedding-from-each-range-em3468d,Email,96704,435,0,0,0,0,0,0,0,0,0,0
YG Bedding (from each range) EM3468C,Inactive,yg-bedding-from-each-range-em3468c,Email,38337,250,0,0,0,0,0,0,0,0,0,0
YG Bedding (from each range) EM3468B,Active,yg-bedding-from-each-range-em3468b,Email,36013,525,29.47,0.01,5.0,147.35000000000002,4.09,0,0,0,0,0
YG Bedding (from each range) EM3468A,Inactive,yg-bedding-from-each-range-em3468a,Email,6093,30,31.97,0.02,1.0,31.97,5.25,0,0,0,0,0
YG Bare Root SALE 2026 - EM3563E,Active,yg-bare-root-sale-2026-em3563e,Email,17228,109,68.95,0.01,1.0,68.95,4.0,0,0,0,0,0
YG Bare Root SALE 2026 - EM3563D,Active,yg-bare-root-sale-2026-em3563d,Email,94853,410,71.97,0.0,1.0,71.97,0.76,0,0,0,0,0
YG Bare Root SALE 2026 - EM3563C,Inactive,yg-bare-root-sale-2026-em3563c,Email,23147,72,0,0,0,0,0,0,0,0,0,0
YG Bare Root SALE 2026 - EM3563B,Active,yg-bare-root-sale-2026-em3563b,Email,56260,515,44.61,0.01,6.0,267.65,4.76,0,0,0,0,0
YG Bare Root SALE 2026 - EM3563A,Inactive,yg-bare-root-sale-2026-em3563a,Email,10802,52,0,0,0,0,0,0,0,0,0,0
YG Bare Root Fruit Trees (from each range) EM3396,Active,yg-bare-root-fruit-trees-from-each-range-em3396,Email,179939,1015,44.61,0.0,4.0,178.44,0.99,0,0,0,0,0
YG Autumn Planting Bulbs EM3363,Active,yg-autumn-planting-bulbs-em3363,Email,178754,939,35.46,0.0,5.0,177.32,0.99,0,0,0,0,0
YG Autumn Planting Bulbs EM3333,Inactive,yg-autumn-planting-bulbs-em3333,Email,6,0,0,0,0,0,0,0,0,0,0,0
YG Autumn Planting Bulbs EM3326,Inactive,yg-autumn-planting-bulbs-em3326,Email,186851,2508,36.77,0.01,10.0,367.68999999999994,1.97,0,0,0,0,0
YG Autumn Planting Bulbs EM3315,Inactive,yg-autumn-planting-bulbs-em3315,Email,129472,1122,29.17,0.0,2.0,58.34,0.45,0,0,0,0,0
YG Autumn Planting Bulbs EM3302,Inactive,yg-autumn-planting-bulbs-em3302,Email,189637,2331,34.46,0.01,16.0,551.4100000000001,2.91,0,0,0,0,0
YG Autumn Bedding EM3374,Active,yg-autumn-bedding-em3374,Email,178773,822,21.98,0.0,2.0,43.95,0.25,0,0,0,0,0
YG Autumn Bedding EM3358,Active,yg-autumn-bedding-em3358,Email,187135,1221,37.29,0.01,13.0,484.77,2.59,0,0,0,0,0
YG 2026 Summer Bulbs - EM3497E,Inactive,yg-2026-summer-bulbs-em3497e,Email,10124,87,0,0,0,0,0,0,0,0,0,0
YG 2026 Summer Bulbs - EM3497D,Active,yg-2026-summer-bulbs-em3497d,Email,95316,344,39.16,0.0,2.0,78.32000000000001,0.82,0,0,0,0,0
YG 2026 Summer Bulbs - EM3497C,Inactive,yg-2026-summer-bulbs-em3497c,Email,37782,184,93.17,0.01,2.0,186.34,4.93,0,0,0,0,0
YG 2026 Summer Bulbs - EM3497B,Active,yg-2026-summer-bulbs-em3497b,Email,35541,256,26.55,0.01,5.0,132.76,3.74,0,0,0,0,0
YG 2026 Summer Bulbs - EM3497A,Active,yg-2026-summer-bulbs-em3497a,Email,6012,53,26.97,0.02,1.0,26.97,4.49,0,0,0,0,0
YG 2026 SALE EM3478F,Active,yg-2026-sale-em3478f,Email,49017,283,76.95,0.0,1.0,76.95,1.57,0,0,0,0,0
YG 2026 SALE EM3478BE NEW,Inactive,yg-2026-sale-em3478be-new,Email,9400,129,0,0,0,0,0,0,0,0,0,0
YG 2026 SALE EM3478BD NEW,Active,yg-2026-sale-em3478bd-new,Email,48334,328,21.96,0.0,1.0,21.96,0.45,0,0,0,0,0
YG 2026 SALE EM3478BC NEW,Inactive,yg-2026-sale-em3478bc-new,Email,37849,321,41.93,0.01,3.0,125.80000000000001,3.32,0,0,0,0,0
YG 2026 SALE EM3478B NEW,Inactive,yg-2026-sale-em3478b-new,Email,18286,310,11.98,0.01,1.0,11.98,0.66,0,0,0,0,0
YG 2026 SALE EM3478A NEW,Inactive,yg-2026-sale-em3478a-new,Email,6077,61,61.93,0.02,1.0,61.93,10.19,0,0,0,0,0
YG 2026 SALE EM3478,Active,yg-2026-sale-em3478,Email,17663,219,30.95,0.01,2.0,61.89,3.5,0,0,0,0,0
YG 2026 SALE EM3475E v2,Inactive,yg-2026-sale-em3475e-v2,Email,7133,54,0,0,0,0,0,0,0,0,0,0
YG 2026 SALE EM3475E,Inactive,yg-2026-sale-em3475e,Email,8,3,0,0,0,0,0,0,0,0,0,0
YG 2026 SALE EM3475D v2,Active,yg-2026-sale-em3475d-v2,Email,70463,437,0,0,0,0,0,0,0,0,0,0
YG 2026 SALE EM3475D,Inactive,yg-2026-sale-em3475d,Email,4,3,0,0,0,0,0,0,0,0,0,0
YG 2026 SALE EM3475C v2,Active,yg-2026-sale-em3475c-v2,Email,29064,164,52.93,0.0,1.0,52.93,1.82,0,0,0,0,0
YG 2026 SALE EM3475C,Inactive,yg-2026-sale-em3475c,Email,6,2,0,0,0,0,0,0,0,0,0,0
YG 2026 SALE EM3475B v2,Active,yg-2026-sale-em3475b-v2,Email,26522,282,36.97,0.0,1.0,36.97,1.39,0,0,0,0,0
YG 2026 SALE EM3475B,Inactive,yg-2026-sale-em3475b,Email,7,5,0,0,0,0,0,0,0,0,0,0
YG 2026 SALE EM3475A v2,Inactive,yg-2026-sale-em3475a-v2,Email,4312,42,65.94,0.02,1.0,65.94,15.29,0,0,0,0,0
YG 2026 SALE EM3475A,Inactive,yg-2026-sale-em3475a,Email,7,5,0,0,0,0,0,0,0,0,0,0
YG 2026 SALE EM3473E - new design,Inactive,yg-2026-sale-em3473e-new-design,Email,1,0,0,0,0,0,0,0,0,0,0,0
YG 2026 SALE EM3473E,Inactive,yg-2026-sale-em3473e,Email,9076,214,37.53,0.01,1.0,37.53,4.14,0,0,0,0,0
YG 2026 SALE EM3473D,Active,yg-2026-sale-em3473d,Email,96474,802,30.62,0.01,6.0,183.74,1.9,0,0,0,0,0
YG 2026 SALE EM3473C,Active,yg-2026-sale-em3473c,Email,36989,342,32.97,0.01,3.0,98.9,2.67,0,0,0,0,0
YG 2026 SALE EM3473B,Active,yg-2026-sale-em3473b,Email,17298,378,27.16,0.05,8.0,217.31,12.56,0,0,0,0,0
YG 2026 SALE EM3473A,Inactive,yg-2026-sale-em3473a,Email,6072,71,0,0,0,0,0,0,0,0,0,0
YG 2026 SALE EM3473,Active,yg-2026-sale-em3473,Email,17457,340,64.78,0.03,5.0,323.89,18.55,0,0,0,0,0
YG 2026 Most Popular - EM3571E,Active,yg-2026-most-popular-em3571e,Email,18611,288,67.28,0.02,3.0,201.82999999999998,10.84,0,0,0,0,0
YG 2026 Most Popular - EM3571D,Active,yg-2026-most-popular-em3571d,Email,95069,698,0,0,0,0,0,0,0,0,0,0
YG 2026 Most Popular - EM3571C,Active,yg-2026-most-popular-em3571c,Email,21979,169,30.52,0.0,1.0,30.52,1.39,0,0,0,0,0
YG 2026 Most Popular - EM3571B,Active,yg-2026-most-popular-em3571b,Email,60419,1050,45.74,0.02,13.0,594.6299999999999,9.84,0,0,0,0,0
YG 2026 Most Popular - EM3571A,Active,yg-2026-most-popular-em3571a,Email,12219,163,0,0,0,0,0,0,0,0,0,0
YG 2026 Most Popular - EM3566E,Active,yg-2026-most-popular-em3566e,Email,18673,328,41.85,0.02,4.0,167.41,8.97,0,0,0,0,0
YG 2026 Most Popular - EM3566D,Active,yg-2026-most-popular-em3566d,Email,94417,650,9.99,0.0,1.0,9.99,0.11,0,0,0,0,0
YG 2026 Most Popular - EM3566C,Active,yg-2026-most-popular-em3566c,Email,22391,128,21.98,0.0,1.0,21.98,0.98,0,0,0,0,0
YG 2026 Most Popular - EM3566B,Active,yg-2026-most-popular-em3566b,Email,58024,909,39.36,0.02,13.0,511.73999999999995,8.82,0,0,0,0,0
YG 2026 Most Popular - EM3566A,Active,yg-2026-most-popular-em3566a,Email,10628,135,21.98,0.01,1.0,21.98,2.07,0,0,0,0,0
YG 2026 Most Popular - EM3562E,Active,yg-2026-most-popular-em3562e,Email,18568,309,37.62,0.01,1.0,37.62,2.03,0,0,0,0,0
YG 2026 Most Popular - EM3562D,Active,yg-2026-most-popular-em3562d,Email,97586,668,40.07,0.01,6.0,240.44,2.46,0,0,0,0,0
YG 2026 Most Popular - EM3562C,Active,yg-2026-most-popular-em3562c,Email,24811,224,40.71,0.02,4.0,162.85000000000002,6.56,0,0,0,0,0
YG 2026 Most Popular - EM3562B,Active,yg-2026-most-popular-em3562b,Email,62416,1150,54.64,0.03,18.0,983.46,15.76,0,0,0,0,0
YG 2026 Most Popular - EM3562A,Active,yg-2026-most-popular-em3562a,Email,11013,142,25.98,0.02,2.0,51.95,4.72,0,0,0,0,0
YG 2026 Most Popular - EM3559E,Active,yg-2026-most-popular-em3559e,Email,18107,334,66.0,0.01,2.0,132.01,7.29,0,0,0,0,0
YG 2026 Most Popular - EM3559D,Active,yg-2026-most-popular-em3559d,Email,101716,768,47.59,0.01,6.0,285.55,2.81,0,0,0,0,0
YG 2026 Most Popular - EM3559C,Active,yg-2026-most-popular-em3559c,Email,25794,215,45.46,0.02,4.0,181.84,7.05,0,0,0,0,0
YG 2026 Most Popular - EM3559B,Active,yg-2026-most-popular-em3559b,Email,57688,1018,31.98,0.03,18.0,575.6099999999999,9.98,0,0,0,0,0
YG 2026 Most Popular - EM3559A,Active,yg-2026-most-popular-em3559a,Email,11251,184,53.61,0.03,3.0,160.83999999999997,14.3,0,0,0,0,0
YG 2026 Most Popular - EM3555E,Active,yg-2026-most-popular-em3555e,Email,17983,318,28.65,0.02,3.0,85.94,4.78,0,0,0,0,0
YG 2026 Most Popular - EM3555D,Active,yg-2026-most-popular-em3555d,Email,99413,459,32.29,0.0,3.0,96.88,0.97,0,0,0,0,0
YG 2026 Most Popular - EM3555C,Active,yg-2026-most-popular-em3555c,Email,27003,277,30.37,0.02,5.0,151.85999999999999,5.62,0,0,0,0,0
YG 2026 Most Popular - EM3555B,Active,yg-2026-most-popular-em3555b,Email,58026,1054,30.72,0.02,9.0,276.45,4.76,0,0,0,0,0
YG 2026 Most Popular - EM3555A,Active,yg-2026-most-popular-em3555a,Email,10177,148,25.98,0.02,2.0,51.96,5.11,0,0,0,0,0
YG 2026 Most Popular - EM3550E v2,Active,yg-2026-most-popular-em3550e-v2,Email,17386,306,76.57,0.02,4.0,306.28999999999996,17.62,0,0,0,0,0
YG 2026 Most Popular - EM3550E,Inactive,yg-2026-most-popular-em3550e,Email,1,0,0,0,0,0,0,0,0,0,0,0
YG 2026 Most Popular - EM3550D v2,Active,yg-2026-most-popular-em3550d-v2,Email,99404,495,41.8,0.0,3.0,125.41000000000001,1.26,0,0,0,0,0
YG 2026 Most Popular - EM3550D,Inactive,yg-2026-most-popular-em3550d,Email,1,0,0,0,0,0,0,0,0,0,0,0
YG 2026 Most Popular - EM3550C v2,Active,yg-2026-most-popular-em3550c-v2,Email,27799,205,29.97,0.0,1.0,29.97,1.08,0,0,0,0,0
YG 2026 Most Popular - EM3550C,Inactive,yg-2026-most-popular-em3550c,Email,1,0,0,0,0,0,0,0,0,0,0,0
YG 2026 Most Popular - EM3550B v2,Active,yg-2026-most-popular-em3550b-v2,Email,56470,992,59.93,0.02,10.0,599.3199999999999,10.61,0,0,0,0,0
YG 2026 Most Popular - EM3550B,Inactive,yg-2026-most-popular-em3550b,Email,2,0,0,0,0,0,0,0,0,0,0,0
YG 2026 Most Popular - EM3550A v2,Active,yg-2026-most-popular-em3550a-v2,Email,9956,121,27.93,0.01,1.0,27.93,2.81,0,0,0,0,0
YG 2026 Most Popular - EM3550A,Inactive,yg-2026-most-popular-em3550a,Email,9,3,0,0,0,0,0,0,0,0,0,0
YG 2026 Most Popular - EM3518E,Active,yg-2026-most-popular-em3518e,Email,11640,143,43.47,0.02,2.0,86.94,7.47,0,0,0,0,0
YG 2026 Most Popular - EM3518D,Active,yg-2026-most-popular-em3518d,Email,92155,450,0,0,0,0,0,0,0,0,0,0
YG 2026 Most Popular - EM3518C,Active,yg-2026-most-popular-em3518c,Email,35206,260,46.93,0.0,1.0,46.93,1.33,0,0,0,0,0
YG 2026 Most Popular - EM3518B,Active,yg-2026-most-popular-em3518b,Email,36187,510,53.07,0.01,3.0,159.2,4.4,0,0,0,0,0
YG 2026 Most Popular - EM3518A,Active,yg-2026-most-popular-em3518a,Email,6451,65,0,0,0,0,0,0,0,0,0,0
YG 2026 Most Popular - EM3496G,Inactive,yg-2026-most-popular-em3496g,Email,18221,95,33.93,0.01,1.0,33.93,1.86,0,0,0,0,0
YG 2026 Most Popular - EM3496F,Active,yg-2026-most-popular-em3496f,Email,47220,192,0,0,0,0,0,0,0,0,0,0
YG 2026 Most Popular - EM3496D,Active,yg-2026-most-popular-em3496d,Email,47618,296,0,0,0,0,0,0,0,0,0,0
YG 2026 Most Popular - EM3496C,Inactive,yg-2026-most-popular-em3496c,Email,18480,137,0,0,0,0,0,0,0,0,0,0
YG 2026 Most Popular - EM3496B,Active,yg-2026-most-popular-em3496b,Email,17682,240,37.97,0.01,1.0,37.97,2.15,0,0,0,0,0
YG 2026 Most Popular - EM3496,Inactive,yg-2026-most-popular-em3496,Email,16553,235,48.71,0.01,2.0,97.41999999999999,5.89,0,0,0,0,0
YG 2026 Fruit Trees and Bushes - EM3498E,Inactive,yg-2026-fruit-trees-and-bushes-em3498e,Email,9992,92,24.07,0.01,1.0,24.07,2.41,0,0,0,0,0
YG 2026 Fruit Trees and Bushes - EM3498D,Active,yg-2026-fruit-trees-and-bushes-em3498d,Email,95064,241,21.98,0.0,1.0,21.98,0.23,0,0,0,0,0
YG 2026 Fruit Trees and Bushes - EM3498C,Inactive,yg-2026-fruit-trees-and-bushes-em3498c,Email,37212,127,26.95,0.01,2.0,53.9,1.45,0,0,0,0,0
YG 2026 Fruit Trees and Bushes - EM3498B,Active,yg-2026-fruit-trees-and-bushes-em3498b,Email,34356,277,39.15,0.01,4.0,156.59,4.56,0,0,0,0,0
YG 2026 Fruit Trees and Bushes - EM3498A URL TEST,Inactive,yg-2026-fruit-trees-and-bushes-em3498a-url-test,Email,5,11,0,0,0,0,0,0,0,0,0,0
YG 2026 Fruit Trees and Bushes - EM3498A,Active,yg-2026-fruit-trees-and-bushes-em3498a,Email,5956,61,0,0,0,0,0,0,0,0,0,0
YG 2026 Bedding Plants (from each range) EM3503E,Inactive,yg-2026-bedding-plants-from-each-range-em3503e,Email,10810,154,0,0,0,0,0,0,0,0,0,0
YG 2026 Bedding Plants (from each range) EM3503D,Active,yg-2026-bedding-plants-from-each-range-em3503d,Email,97145,668,16.99,0.0,1.0,16.99,0.17,0,0,0,0,0
YG 2026 Bedding Plants (from each range) EM3503C,Active,yg-2026-bedding-plants-from-each-range-em3503c,Email,38985,432,37.45,0.01,2.0,74.9,1.92,0,0,0,0,0
YG 2026 Bedding Plants (from each range) EM3503B,Active,yg-2026-bedding-plants-from-each-range-em3503b,Email,38827,704,25.33,0.01,5.0,126.63,3.26,0,0,0,0,0
YG 2026 Bedding Plants (from each range) EM3503A,Active,yg-2026-bedding-plants-from-each-range-em3503a,Email,5085,59,31.47,0.04,2.0,62.94,12.38,0,0,0,0,0
YG 2026 Bedding Plants (from each range) EM3493E,Inactive,yg-2026-bedding-plants-from-each-range-em3493e,Email,10347,159,0,0,0,0,0,0,0,0,0,0
YG 2026 Bedding Plants (from each range) EM3493D,Active,yg-2026-bedding-plants-from-each-range-em3493d,Email,98421,567,0,0,0,0,0,0,0,0,0,0
YG 2026 Bedding Plants (from each range) EM3493C,Active,yg-2026-bedding-plants-from-each-range-em3493c,Email,39792,410,22.72,0.01,4.0,90.87,2.28,0,0,0,0,0
YG 2026 Bedding Plants (from each range) EM3493B,Active,yg-2026-bedding-plants-from-each-range-em3493b,Email,39846,846,29.34,0.03,11.0,322.7,8.1,0,0,0,0,0
YG 2026 Bedding Plants (from each range) EM3493A,Inactive,yg-2026-bedding-plants-from-each-range-em3493a,Email,12,21,0,0,0,0,0,0,0,0,0,0
YG 2026 Bedding Plants (from each range) EM3469E,Inactive,yg-2026-bedding-plants-from-each-range-em3469e,Email,9390,228,17.99,0.01,1.0,17.99,1.92,0,0,0,0,0
YG 2026 Bedding Plants (from each range) EM3469DE,Inactive,yg-2026-bedding-plants-from-each-range-em3469de,Email,1,0,0,0,0,0,0,0,0,0,0,0
YG 2026 Bedding Plants (from each range) EM3469D,Active,yg-2026-bedding-plants-from-each-range-em3469d,Email,98172,931,72.39,0.0,2.0,144.78,1.47,0,0,0,0,0
YG 2026 Bedding Plants (from each range) EM3469C,Active,yg-2026-bedding-plants-from-each-range-em3469c,Email,38903,778,24.48,0.01,4.0,97.91999999999999,2.52,0,0,0,0,0
YG 2026 Bedding Plants (from each range) EM3469B,Active,yg-2026-bedding-plants-from-each-range-em3469b,Email,37619,1697,33.79,0.06,21.0,709.69,18.87,0,0,0,0,0
YG 2026 Bedding Plants (from each range) EM3469A,Inactive,yg-2026-bedding-plants-from-each-range-em3469a,Email,6232,109,32.31,0.05,3.0,96.91999999999999,15.55,0,0,0,0,0
YG 2026 Bedding Plants (from each range) EM3458E,Inactive,yg-2026-bedding-plants-from-each-range-em3458e,Email,9827,268,0,0,0,0,0,0,0,0,0,0
YG 2026 Bedding Plants (from each range) EM3458D,Inactive,yg-2026-bedding-plants-from-each-range-em3458d,Email,97635,901,42.96,0.0,3.0,128.87,1.32,0,0,0,0,0
YG 2026 Bedding Plants (from each range) EM3458C,Active,yg-2026-bedding-plants-from-each-range-em3458c,Email,38656,756,40.4,0.02,8.0,323.20000000000005,8.36,0,0,0,0,0
YG 2026 Bedding Plants (from each range) EM3458B,Active,yg-2026-bedding-plants-from-each-range-em3458b,Email,38582,1658,29.63,0.03,12.0,355.59,9.22,0,0,0,0,0
YG 2026 Bedding Plants (from each range) EM3458A,Inactive,yg-2026-bedding-plants-from-each-range-em3458a,Email,6538,124,19.99,0.02,1.0,19.99,3.06,0,0,0,0,0
YG 120s CLEARANCE EM3536E,Inactive,yg-120s-clearance-em3536e,Email,12623,100,45.63,0.04,5.0,228.16000000000003,18.07,0,0,0,0,0
YG 120s CLEARANCE EM3536D,Active,yg-120s-clearance-em3536d,Email,92648,223,19.97,0.0,3.0,59.91,0.65,0,0,0,0,0
YG 120s CLEARANCE EM3536C,Active,yg-120s-clearance-em3536c,Email,30952,185,19.97,0.0,1.0,19.97,0.65,0,0,0,0,0
YG 120s CLEARANCE EM3536B,Active,yg-120s-clearance-em3536b,Email,44059,397,18.43,0.01,6.0,110.58,2.51,0,0,0,0,0
YG 120s CLEARANCE EM3536A,Inactive,yg-120s-clearance-em3536a,Email,7420,45,19.97,0.01,1.0,19.97,2.69,0,0,0,0,0
YG 120s CLEARANCE EM3521E,Inactive,yg-120s-clearance-em3521e,Email,11544,100,0,0,0,0,0,0,0,0,0,0
YG 120s CLEARANCE EM3521D,Active,yg-120s-clearance-em3521d,Email,92112,236,39.95,0.0,2.0,79.89,0.87,0,0,0,0,0
YG 120s CLEARANCE EM3521C,Inactive,yg-120s-clearance-em3521c,Email,36133,166,61.26,0.01,3.0,183.77,5.09,0,0,0,0,0
YG 120s CLEARANCE EM3521B,Inactive,yg-120s-clearance-em3521b,Email,40331,319,37.24,0.02,9.0,335.13,8.31,0,0,0,0,0
YG 120s CLEARANCE EM3521A,Inactive,yg-120s-clearance-em3521a,Email,6645,24,0,0,0,0,0,0,0,0,0,0
YG 120s CLEARANCE EM3519E,Inactive,yg-120s-clearance-em3519e,Email,11386,70,10.0,0.01,1.0,10.0,0.88,0,0,0,0,0
YG 120s CLEARANCE EM3519D,Active,yg-120s-clearance-em3519d,Email,92320,242,36.62,0.0,3.0,109.85,1.19,0,0,0,0,0
YG 120s CLEARANCE EM3519C,Inactive,yg-120s-clearance-em3519c,Email,35331,173,36.66,0.02,7.0,256.64000000000004,7.26,0,0,0,0,0
YG 120s CLEARANCE EM3519B,Inactive,yg-120s-clearance-em3519b,Email,40313,409,25.02,0.02,10.0,250.24,6.21,0,0,0,0,0
YG 120s CLEARANCE EM3519A,Inactive,yg-120s-clearance-em3519a,Email,6803,35,50.13,0.01,1.0,50.13,7.37,0,0,0,0,0
YG 120s CLEARANCE EM3517E,Inactive,yg-120s-clearance-em3517e,Email,11953,326,42.29,0.03,3.0,126.87,10.61,0,0,0,0,0
YG 120s CLEARANCE EM3517D,Active,yg-120s-clearance-em3517d,Email,94876,1250,29.88,0.02,18.0,537.89,5.67,0,0,0,0,0
YG 120s CLEARANCE EM3517C,Active,yg-120s-clearance-em3517c,Email,37545,889,22.16,0.06,23.0,509.76000000000005,13.58,0,0,0,0,0
YG 120s CLEARANCE EM3517B,Active,yg-120s-clearance-em3517b,Email,40095,1993,28.0,0.1,41.0,1148.0100000000004,28.63,0,0,0,0,0
YG 120s CLEARANCE EM3517A,Inactive,yg-120s-clearance-em3517a,Email,6488,129,19.97,0.02,1.0,19.97,3.08,0,0,0,0,0
YG 12 x Bedding Plants EM3568E,Active,yg-12-x-bedding-plants-em3568e,Email,17847,375,0,0,0,0,0,0,0,0,0,0
YG 12 x Bedding Plants EM3568D,Active,yg-12-x-bedding-plants-em3568d,Email,93867,739,0,0,0,0,0,0,0,0,0,0
YG 12 x Bedding Plants EM3568C,Active,yg-12-x-bedding-plants-em3568c,Email,22301,283,149.83,0.0,1.0,149.83,6.72,0,0,0,0,0
YG 12 x Bedding Plants EM3568B,Active,yg-12-x-bedding-plants-em3568b,Email,57687,1462,33.45,0.03,15.0,501.81000000000006,8.7,0,0,0,0,0
YG 12 x Bedding Plants EM3568A,Active,yg-12-x-bedding-plants-em3568a,Email,11334,154,21.98,0.02,2.0,43.95,3.88,0,0,0,0,0
YG 12 x Bedding Plants EM3538E,Active,yg-12-x-bedding-plants-em3538e,Email,15802,358,26.97,0.01,1.0,26.97,1.71,0,0,0,0,0
YG 12 x Bedding Plants EM3538D,Active,yg-12-x-bedding-plants-em3538d,Email,97034,846,51.96,0.0,1.0,51.96,0.54,0,0,0,0,0
YG 12 x Bedding Plants EM3538C,Active,yg-12-x-bedding-plants-em3538c,Email,29942,454,100.4,0.01,2.0,200.79000000000002,6.71,0,0,0,0,0
YG 12 x Bedding Plants EM3538B,Active,yg-12-x-bedding-plants-em3538b,Email,50513,1168,38.26,0.01,7.0,267.83000000000004,5.3,0,0,0,0,0
YG 12 x Bedding Plants EM3538A,Inactive,yg-12-x-bedding-plants-em3538a,Email,9151,148,36.97,0.01,1.0,36.97,4.04,0,0,0,0,0
YG 12 x Bedding Plants EM3527E,Inactive,yg-12-x-bedding-plants-em3527e,Email,17494,452,45.45,0.01,2.0,90.9,5.2,0,0,0,0,0
YG 12 x Bedding Plants EM3527D,Active,yg-12-x-bedding-plants-em3527d,Email,126542,1388,39.71,0.01,8.0,317.71,2.51,0,0,0,0,0
YG 12 x Bedding Plants EM3527C,Active,yg-12-x-bedding-plants-em3527c,Email,50721,895,41.29,0.01,6.0,247.75,4.88,0,0,0,0,0
YG 12 x Bedding Plants EM3527B,Active,yg-12-x-bedding-plants-em3527b,Email,68265,1923,30.14,0.04,27.0,813.88,11.92,0,0,0,0,0
YG 12 x Bedding Plants EM3527A,Inactive,yg-12-x-bedding-plants-em3527a,Email,10348,173,0,0,0,0,0,0,0,0,0,0
YG 12 x Bedding BOGOF EM3570E,Active,yg-12-x-bedding-bogof-em3570e,Email,18600,473,21.97,0.01,2.0,43.94,2.36,0,0,0,0,0
YG 12 x Bedding BOGOF EM3570D,Active,yg-12-x-bedding-bogof-em3570d,Email,95683,1182,25.62,0.0,3.0,76.87,0.8,0,0,0,0,0
YG 12 x Bedding BOGOF EM3570C,Active,yg-12-x-bedding-bogof-em3570c,Email,22153,490,57.28,0.01,3.0,171.84,7.76,0,0,0,0,0
YG 12 x Bedding BOGOF EM3570B,Active,yg-12-x-bedding-bogof-em3570b,Email,62430,2583,32.38,0.06,36.0,1165.56,18.67,0,0,0,0,0
YG 12 x Bedding BOGOF EM3570A,Active,yg-12-x-bedding-bogof-em3570a,Email,12159,252,39.45,0.02,2.0,78.91,6.49,0,0,0,0,0
YG 12 for 9.98 Veg EM3544E,Inactive,yg-12-for-9-98-veg-em3544e,Email,16645,179,10.98,0.02,4.0,43.92,2.64,0,0,0,0,0
YG 12 for 9.98 Veg EM3544D,Active,yg-12-for-9-98-veg-em3544d,Email,97500,467,30.33,0.0,4.0,121.33000000000001,1.24,0,0,0,0,0
YG 12 for 9.98 Veg EM3544C,Inactive,yg-12-for-9-98-veg-em3544c,Email,27174,268,19.11,0.03,7.0,133.8,4.92,0,0,0,0,0
YG 12 for 9.98 Veg EM3544B,Inactive,yg-12-for-9-98-veg-em3544b,Email,50846,1090,28.58,0.03,16.0,457.34000000000003,8.99,0,0,0,0,0
YG 12 for 9.98 Veg EM3544Av2,Inactive,yg-12-for-9-98-veg-em3544av2,Email,12,12,0,0,0,0,0,0,0,0,0,0
YG 12 for 9.98 Veg EM3544A,Inactive,yg-12-for-9-98-veg-em3544a,Email,10,0,0,0,0,0,0,0,0,0,0,0
YG - Your Season in bloom - Winter (iluk1sq),Inactive,yg---your-season-in-bloom---winter-iluk1sq,Web,0,0,0,0,0,0,0,0,0,0,0,0
YG - Your Season in bloom - Extended - All Year Round,Inactive,yg-your-season-in-bloom-extended-all-year-round,Web,1,0,0,0,0,0,0,0,0,0,0,0
YG - Your Season in bloom,Inactive,yg-your-season-in-bloom,Web,1,0,0,0,0,0,0,0,0,0,0,0
YG - USP Banner,Inactive,yg-usp-banner,Web,4,0,0,0,0,0,0,0,0,0,0,0
YG - USP - Returning Customers,Active,yg-usp-returning-customers,Web,353968,0,0,0,0,0,0,0,0,0,0,0
YG - USP - 2 - Test,Inactive,yg-usp-2-test,Web,1,0,0,0,0,0,0,0,0,0,0,0
YG - Test,Inactive,yg-test,Web,3,0,0,0,0,0,0,0,0,0,0,0
YG - SALE - New Design (x930kke),Active,yg---sale---new-design-x930kke,Web,12,1,0,0,0,0,0,0,0,0,0,0
YG - SALE - New Design,Active,yg-sale-new-design,Web,737309,4027,0,0,0,0,0,15.3,0.0,28.0,428.45,0.58
YG - RCT,Active,yg-rct,Web,566467,0,0,0,0,0,0,0,0,0,0,0
YG - Promo x3,Inactive,yg-promo-x3,Web,7346,74,0,0,0,0,0,0,0,0,0,0
YG - Promo Block - Master - New X,Inactive,yg-promo-block-master-new-xx,Web,1,1,0,0,0,0,0,0,0,0,0,0
YG - Promo Block - Master - New X,Inactive,yg-promo-block-master-new-x,Web,1,0,0,0,0,0,0,0,0,0,0,0
YG - Promo Block - Master - New B,Inactive,yg-promo-block-master-new-b,Web,1,1,0,0,0,0,0,0,0,0,0,0
YG - Promo Block - Master - New A,Inactive,yg-promo-block-master-new-a,Web,26345,1203,0,0,0,0,0,51.05,0.06,17.0,867.92,32.94
YG - Promo Banner - 15 SW,Active,yg-promo-banner-15-sw,Web,2383528,0,0,0,0,0,0,0,0,0,0,0
YG - PLP - New Styling,Inactive,yg-plp-new-styling,Web,137648,0,0,0,0,0,0,0,0,0,0,0
YG - PDP - You Might Need - Alt,Inactive,yg-pdp-you-might-need-alt,Web,1,0,0,0,0,0,0,0,0,0,0,0
YG - PDP - You Might Need,Active,yg-pdp-you-might-need,Web,2105156,103,0,0,0,0,0,33.34,0.0,4.0,133.34,0.06
YG - PDP - Recommended - Top Buyer (30 days) (ickhkeh),Inactive,yg---pdp---recommended---top-buyer-30-days-ickhkeh,Web,0,0,0,0,0,0,0,0,0,0,0,0
YG - PDP - Recommended - Returning Visitor - A (602uu8o),Inactive,yg---pdp---recommended---returning-visitor---a-602uu8o,Web,0,0,0,0,0,0,0,0,0,0,0,0
YG - PDP - Recommended - Returning Customer - A (hcv1cvc),Inactive,yg---pdp---recommended---returning-customer---a-hcv1cvc,Web,0,0,0,0,0,0,0,0,0,0,0,0
YG - PDP - Recommended - Returning Customer - A (daehkoy),Inactive,yg---pdp---recommended---returning-customer---a-daehkoy,Web,0,0,0,0,0,0,0,0,0,0,0,0
YG - PDP - Recommended - New Buyer (30 days) (fq7uhca),Inactive,yg---pdp---recommended---new-buyer-30-days-fq7uhca,Web,0,0,0,0,0,0,0,0,0,0,0,0
YG - PDP - Recommended - New,Inactive,yg-pdp-recommended-new,Web,1,0,0,0,0,0,0,0,0,0,0,0
YG - PDP - Recommended - Lapsed Buyer (90 days) (gnfbvbj),Inactive,yg---pdp---recommended---lapsed-buyer-90-days-gnfbvbj,Web,0,0,0,0,0,0,0,0,0,0,0,0
YG - PDP - Recommended - Disengaged Visitor (30 days) (xvce8uv),Active,yg---pdp---recommended---disengaged-visitor-30-days-xvce8uv,Web,12,0,0,0,0,0,0,0,0,0,0,0
YG - PDP - Recommended - Disengaged Visitor (30 days) (pugug84),Inactive,yg---pdp---recommended---disengaged-visitor-30-days-pugug84,Web,0,0,0,0,0,0,0,0,0,0,0,0
YG - PDP - Recommended - Disengaged Visitor (30 days),Inactive,yg-pdp-recommended-disengaged-visitor-30-days,Web,1,0,0,0,0,0,0,0,0,0,0,0
YG - PDP - New Test,Inactive,yg-pdp-new-test,Web,1,0,0,0,0,0,0,0,0,0,0,0
YG - PDP - Customers Also Viewed,Active,pdp-customers-also-viewed,Web,9277394,458268,0,0,0,0,0,36.64,0.06,5982.0,219182.79,23.63
YG - PDP - Available - PA799,Inactive,yg-pdp-available,Web,49733,37,0,0,0,0,0,0,0,0,0,0
YG - PDP - Available - PA764,Inactive,yg-pdp-available-variants-pa764,Web,49731,17,0,0,0,0,0,0,0,0,0,0
YG - New In -Test Site,Inactive,yg-new-in-test-site,Web,0,0,0,0,0,0,0,0,0,0,0,0
YG - New In - Alt,Inactive,yg-new-in-alt,Web,54766,224,0,0,0,0,0,0,0,0,0,0
YG - NAV - Contact,Inactive,yg-nav-contact,Web,1,0,0,0,0,0,0,0,0,0,0,0
YG - Most Popular Products - New Design TEST,Inactive,yg-most-popular-products-new-design-test,Web,6,0,0,0,0,0,0,0,0,0,0,0
YG - Most Popular Products - New Design,Inactive,yg-most-popular-products-new-design,Web,52,3,0,0,0,0,0,0,0,0,0,0
YG - Instagram - x,Inactive,yg-instagram-x,Web,1,7,0,0,0,0,0,0,0,0,0,0
YG - Instagram - TEST - ASD,Inactive,yg-instagram-test-asd,Web,1,1,0,0,0,0,0,0,0,0,0,0
YG - IG - NEW - X,Inactive,yg-ig-new-x,Web,1,0,0,0,0,0,0,0,0,0,0,0
YG - Ideal to Plant Next Month - June (brys99k),Active,yg---ideal-to-plant-next-month---june-brys99k,Web,12,0,0,0,0,0,0,0,0,0,0,0
YG - Ideal to Plant Next Month,Active,yg-homepage-ideal-to-plant-next-month,Web,5196529,63096,0,0,0,0,0,22.98,0.01,411.0,9445.91,1.82
YG - Homepage/404 - Top Buyer,Inactive,yg-homepage404-top-buyer,Web,1,0,0,0,0,0,0,0,0,0,0,0
YG - Homepage/404 - Most Popular Products (hjh1r4a),Active,yg---homepage404---most-popular-products-hjh1r4a,Web,823537,23058,0,0,0,0,0,25.93,0.04,301.0,7806.139999999999,9.48
YG - Homepage/404 - Most Popular Products - New Design,Inactive,yg-homepage404-most-popular-products-new-design,Web,1,0,0,0,0,0,0,0,0,0,0,0
YG - Homepage/404 - Lapsed Buyer,Inactive,yg-homepage404-lapsed-buyer,Web,1,0,0,0,0,0,0,0,0,0,0,0
YG - Homepage- Most Popular - X,Inactive,yg-homepage-most-popular-x,Web,1,0,0,0,0,0,0,0,0,0,0,0
YG - Homepage- Most Popular  (hr1olx6),Active,yg---homepage--most-popular--hr1olx6,Web,12,0,0,0,0,0,0,0,0,0,0,0
YG - Homepage Sale - Test Site,Inactive,yg-homepage-sale-test-site,Web,0,0,0,0,0,0,0,0,0,0,0,0
YG - Homepage Sale,Inactive,yg-homepage-sale,Web,72903,610,0,0,0,0,0,25.97,0.0,3.0,77.92,1.07
YG - Homepage - Top Buyer - B (zr8xfi1),Inactive,yg---homepage---top-buyer---b-zr8xfi1,Web,0,0,0,0,0,0,0,0,0,0,0,0
YG - Homepage - New Buyer - B (07ora8s),Inactive,yg---homepage---new-buyer---b-07ora8s,Web,0,0,0,0,0,0,0,0,0,0,0,0
YG - Homepage - Most Popular Products - Test Site,Inactive,yg-homepage-most-popular-products-test-site,Web,2,1,0,0,0,0,0,0,0,0,0,0
YG - Homepage - Lapsed Buyer - B (d4mdal8),Inactive,yg---homepage---lapsed-buyer---b-d4mdal8,Web,0,0,0,0,0,0,0,0,0,0,0,0
YG - Homepage - Lapsed Buyer - A (69dj7p7),Inactive,yg---homepage---lapsed-buyer---a-69dj7p7,Web,0,1,0,0,0,0,0,0,0,0,0,0
YG - Homepage - Disengaged Visitor - A (30 days) (p0xydhi),Inactive,yg---homepage---disengaged-visitor---a-30-days-p0xydhi,Web,0,0,0,0,0,0,0,0,0,0,0,0
YG - Hero Banner - Multi New 1,Inactive,yg-hero-banner-default-variant-2,Web,12738,252,0,0,0,0,0,30.76,0.03,4.0,123.03,9.66
YG - Hero Banner - Default Variant New A,Inactive,duplicate-of-yg-hero-banner-default-variant-new-a,Web,14718,141,0,0,0,0,0,49.09,0.01,2.0,98.18,6.67
YG - Hero Banner - Default Banner - Trees-and-Shrubs (coix8w0),Inactive,yg---hero-banner---default-banner---trees-and-shrubs-coix8w0,Web,0,0,0,0,0,0,0,0,0,0,0,0
YG - Hero Banner - Default Banner - Roses (s577jt1),Inactive,yg---hero-banner---default-banner---roses-s577jt1,Web,0,0,0,0,0,0,0,0,0,0,0,0
YG - Hero Banner - Default Banner - Roses (4xcfswk),Inactive,yg---hero-banner---default-banner---roses-4xcfswk,Web,0,0,0,0,0,0,0,0,0,0,0,0
YG - Hero Banner - Default Banner - Hydrangea (0udcvet),Inactive,yg---hero-banner---default-banner---hydrangea-0udcvet,Web,0,0,0,0,0,0,0,0,0,0,0,0
YG - Exit Intent - New Design,Inactive,yg-exit-intent-new-design,Web,1,4,0,0,0,0,0,0,0,0,0,0
YG - Exit Intent - Most Popular Products - UI 2,Inactive,yg-exit-intent-most-popular-products-ui-2,Web,1,0,0,0,0,0,0,0,0,0,0,0
YG - Exit Intent - Most Popular Products,Inactive,yg-exit-intent-most-popular-products,Web,442445,294,0,0,0,0,0,48.51,0.0,15.0,727.63,1.64
YG - exit - Newwer,Inactive,yg-exit-newwer,Web,1,1,0,0,0,0,0,0,0,0,0,0
YG - Exit - New Design X,Inactive,yg-exit-new-design-x,Web,1,0,0,0,0,0,0,0,0,0,0,0
Yg - Exit - New - Min,Active,yg-exit-new-min,Web,4776726,2912,0,0,0,0,0,46.98,0.0,81.0,3805.28,0.8
YG - Delivery Banner,Inactive,yg-delivery-banner,Web,1,0,0,0,0,0,0,0,0,0,0,0
YG - Category Cards x 4 - New Design - 3,Inactive,yg-category-cards-x-4-new-design-3,Web,35010,610,0,0,0,0,0,39.64,0.04,15.0,594.58,16.98
YG - Category Cards x 4 - New Design - 2,Inactive,yg-category-cards-x-4-new-design-2,Web,33377,729,0,0,0,0,0,29.87,0.06,20.0,597.36,17.9
YG - Category Cards x 4 - New Design,Inactive,yg-category-cards-x-4-new-design,Web,35004,2960,0,0,0,0,0,40.12,0.13,45.0,1805.18,51.57
YG - Category - Most Popular,Active,yg-category-most-popular,Web,36637,1836,0,0,0,0,0,23.06,0.07,26.0,599.59,16.37
YG - CAT - X2 - New Design - 1,Inactive,yg-cat-x2-new-design-1,Web,1,0,0,0,0,0,0,0,0,0,0,0
YG - Cart - Upsell/Impulse Buys X2,Active,yg-cart-upsellimpulse-buys-x2,Web,950527,20239,0,0,0,0,0,17.25,0.03,293.0,5054.94,5.32
YG - Cart - Upsell/Impulse Buys (bj7d48n),Inactive,yg---cart---upsellimpulse-buys-bj7d48n,Web,1,0,0,0,0,0,0,0,0,0,0,0
YG - Cart - Top Buyer - A (88dgh9u),Inactive,yg---cart---top-buyer---a-88dgh9u,Web,0,0,0,0,0,0,0,0,0,0,0,0
YG - Cart - Returning Customer - B (u688b6m),Inactive,yg---cart---returning-customer---b-u688b6m,Web,0,0,0,0,0,0,0,0,0,0,0,0
YG - Cart - Returning Customer - B (sxazwky),Inactive,yg---cart---returning-customer---b-sxazwky,Web,0,0,0,0,0,0,0,0,0,0,0,0
YG - Cart - Returning Customer - B (q4p7nnm),Inactive,yg---cart---returning-customer---b-q4p7nnm,Web,0,0,0,0,0,0,0,0,0,0,0,0
YG - Cart - Returning Customer - A (9s19aj2),Inactive,yg---cart---returning-customer---a-9s19aj2,Web,0,0,0,0,0,0,0,0,0,0,0,0
YG - Cart - New Visitor - Q1,Inactive,yg-cart-new-visitor-q1,Web,1,0,0,0,0,0,0,0,0,0,0,0
YG - Cart - New Visitor - A (gd58pb5),Inactive,yg---cart---new-visitor---a-gd58pb5,Web,0,1,0,0,0,0,0,0,0,0,0,0
YG - Cart - New Buyer - B (30 days) (glqob9y),Inactive,yg---cart---new-buyer---b-30-days-glqob9y,Web,0,0,0,0,0,0,0,0,0,0,0,0
YG - Cart - New Buyer - B (30 days) (fgu9le6),Inactive,yg---cart---new-buyer---b-30-days-fgu9le6,Web,0,0,0,0,0,0,0,0,0,0,0,0
YG - Cart - New Buyer - B (30 days) (7h0rfet),Inactive,yg---cart---new-buyer---b-30-days-7h0rfet,Web,0,0,0,0,0,0,0,0,0,0,0,0
YG - Cart - Lapsed Buyer - A (zdnsk8e),Inactive,yg---cart---lapsed-buyer---a-zdnsk8e,Web,0,0,0,0,0,0,0,0,0,0,0,0
YG - Cart - Lapsed Buyer - A (4ge2hya),Inactive,yg---cart---lapsed-buyer---a-4ge2hya,Web,0,0,0,0,0,0,0,0,0,0,0,0
YG - Cart - Lapsed Buyer - A (0b9afa3),Inactive,yg---cart---lapsed-buyer---a-0b9afa3,Web,0,0,0,0,0,0,0,0,0,0,0,0
YG - Cart - Disengaged Visitor - A(30 days) (si8tqyf),Inactive,yg---cart---disengaged-visitor---a30-days-si8tqyf,Web,0,0,0,0,0,0,0,0,0,0,0,0
YG - Cart - Customers Also Bought (awrugam),Inactive,yg---cart---customers-also-bought-awrugam,Web,401426,8473,0,0,0,0,0,14.25,0.04,150.0,2137.29,5.32
YG - Blog Posts,Inactive,yg-blog-posts,Web,2341,22,0,0,0,0,0,0,0,0,0,0
YG - Basket Pop Up,Active,yg-basket-pop-up-new,Web,37715,999,0,0,0,0,0,11.89,0.04,16.0,190.28,5.05
YG - Banner - Roses - B,Inactive,yg-banner-roses-b,Web,2,0,0,0,0,0,0,0,0,0,0,0
YG - Banner - Perennials - A (i7ae1tz),Inactive,yg---banner---perennials---a-i7ae1tz,Web,0,0,0,0,0,0,0,0,0,0,0,0
YG - Banner - Hydrangea - A,Inactive,yg-banner-hydrangea-a,Web,1,1,0,0,0,0,0,0,0,0,0,0
YG - Banner - Bulbs - A,Inactive,yg-banner-bulbs-a,Web,1,0,0,0,0,0,0,0,0,0,0,0
YG - Banner - Banner - Update,Inactive,yg-banner-banner-update,Web,389885,301,0,0,0,0,0,31.21,0.0,13.0,405.68,1.04
YG - Apply Pay - Hidden,Inactive,yg-apply-pay-hidden,Web,1,0,0,0,0,0,0,0,0,0,0,0
YG - 404 error - Most Popular,Active,yg-404-error-most-popular,Web,11244,493,0,0,0,0,0,23.73,0.04,4.0,94.93,8.44
YG - 15 OFF Promo SW,Inactive,yg-15-off-promo-sw,Web,429552,0,0,0,0,0,0,0,0,0,0,0
WoR Countdown 070526,Active,wor-countdown-070526,Email,16422,0,0,0,0,0,0,0,0,0,0,0
Welcome Block - RC - New - B,Inactive,welcome-block-rc-new-b,Web,1,1,0,0,0,0,0,0,0,0,0,0
Welcome Block - No Content,Inactive,welcome-block-no-content,Web,1,0,0,0,0,0,0,0,0,0,0,0
Universal - USP - 1 - Test,Inactive,yg-usp-1-test,Web,107653,0,0,0,0,0,0,0,0,0,0,0
Test Email Desktop/Mobile,Inactive,test-gif,Email,48,0,0,0,0,0,0,0,0,0,0,0
test,Inactive,test,Email,26,0,0,0,0,0,0,0,0,0,0,0
SALE Strip Banner,Inactive,sale-strip-banner,Web,7713,39,0,0,0,0,0,82.91,0.03,2.0,165.82,21.5
Roses - Promo Banner - 15 SW,Inactive,roses-promo-banner-15-sw,Web,6694,0,0,0,0,0,0,0,0,0,0,0
Roses - Pop over Bar,Active,roses-pop-over-bar,Web,122621,0,0,0,0,0,0,0,0,0,0,0
Roses - Exit Intent - Similar Products,Inactive,roses-exit-intent-similar-products,Web,1,0,0,0,0,0,0,0,0,0,0,0
Roses - Exit - New,Active,roses-exit-new,Web,67637,45,0,0,0,0,0,0,0,0,0,0
Roses - Banner hide new,Inactive,roses-banner-hide-new,Web,21199,0,0,0,0,0,0,0,0,0,0,0
Returning Visitor EXP,Inactive,returning-visitor-exp,Email,1,0,0,0,0,0,0,0,0,0,0,0
PDP - Recently Viewed,Inactive,pdp-recently-viewed-alt,Web,204,0,0,0,0,0,0,0,0,0,0,0
PDP - Recently Viewed,Inactive,pdp-recently-viewed-1,Web,1,0,0,0,0,0,0,0,0,0,0,0
MS Your own Fruit and Veg MSEM1005,Active,ms-your-own-fruit-and-veg-msem1005,Email,20378,278,0,0,0,0,0,0,0,0,0,0
MS Trees &amp; Shrubs MSEM896,Inactive,ms-trees-amp-shrubs-msem896,Email,25186,319,23.47,0.01,2.0,46.94,1.86,0,0,0,0,0
MS Spring Flowering Bulbs MSEM919,Inactive,ms-roses-msem919,Email,5,3,0,0,0,0,0,0,0,0,0,0
MS Spring Bulbs MSEM1934 test,Inactive,ms-spring-bulbs-msem1934-test,Email,12127,81,0,0,0,0,0,0,0,0,0,0
MS Spring Bulbs MSEM1929 test,Inactive,ms-spring-bulbs-msem1929-test,Email,2,0,0,0,0,0,0,0,0,0,0,0
MS Spring Bulbs MSEM1925 test,Inactive,ms-spring-bulbs-msem1925-test,Email,12298,92,21.98,0.01,1.0,21.98,1.79,0,0,0,0,0
MS Spring Bulbs MSEM933,Inactive,ms-spring-bulbs-msem933,Email,11939,106,0,0,0,0,0,0,0,0,0,0
MS Spring Bulbs MSEM926,Inactive,ms-spring-bulbs-msem926,Email,4,0,0,0,0,0,0,0,0,0,0,0
MS Spring Bulbs MSEM924,Inactive,ms-roses-msem924,Email,12156,76,0,0,0,0,0,0,0,0,0,0
MS Spring Bulbs MSEM917,Inactive,ms-roses-msem917,Email,11877,129,0,0,0,0,0,0,0,0,0,0
MS Roses MSEM906,Inactive,ms-roses-msem906,Email,1,0,0,0,0,0,0,0,0,0,0,0
MS Preplanted hanging baskets MSEM892,Inactive,ms-preplanted-hanging-baskets-msem892,Email,8,0,0,0,0,0,0,0,0,0,0,0
MS Perennials MSEM998 v2,Active,ms-perennials-msem998-v2,Email,21582,395,41.98,0.0,1.0,41.98,1.95,0,0,0,0,0
MS Perennials MSEM998,Inactive,ms-perennials-msem998,Email,1,0,0,0,0,0,0,0,0,0,0,0
MS Perennials MSEM997,Active,ms-perennials-msem997,Email,21643,437,0,0,0,0,0,0,0,0,0,0
MS Perennials MSEM888,Active,ms-perennials-msem888,Email,25185,244,40.94,0.02,4.0,163.76,6.5,0,0,0,0,0
MS Perennials MSEM886,Inactive,ms-perennials-msem886,Email,24732,253,36.94,0.01,2.0,73.88,2.99,0,0,0,0,0
MS Grown Your Own Fruit and Veg MSEM988 NEW,Active,ms-grown-your-own-fruit-and-veg-msem988-new,Email,21317,135,0,0,0,0,0,0,0,0,0,0
MS Grown Your Own Fruit and Veg MSEM985 NEW,Inactive,ms-grown-your-own-fruit-and-veg-msem985-new,Email,21835,234,0,0,0,0,0,0,0,0,0,0
MS Grown Your Own Fruit and Veg MSEM983 NEW,Active,ms-grown-your-own-fruit-and-veg-msem983-new,Email,22375,207,0,0,0,0,0,0,0,0,0,0
MS GR Bedding MSEM904 2,Inactive,ms-gr-bedding-msem904-2,Email,3,0,0,0,0,0,0,0,0,0,0,0
MS GR Bedding MSEM889,Inactive,ms-gr-bedding-msem889,Email,26420,285,31.29,0.02,6.0,187.72,7.11,0,0,0,0,0
MS Countdown 260825,Inactive,ms-countdown-260825,Email,23696,0,0,0,0,0,0,0,0,0,0,0
MS Countdown,Active,ms-countdown,Email,22567,0,0,0,0,0,0,0,0,0,0,0
MS Bestsellers MSEM1932 Test,Inactive,ms-bestsellers-msem1932-test,Email,11698,77,56.95,0.01,1.0,56.95,4.87,0,0,0,0,0
MS Bestsellers MSEM1931 Test,Inactive,ms-bestsellers-msem1931,Email,9,0,0,0,0,0,0,0,0,0,0,0
MS Bestsellers MSEM1923 test,Inactive,ms-bestsellers-msem1923-test,Email,11348,53,0,0,0,0,0,0,0,0,0,0
MS Bestsellers MSEM1921 test,Inactive,ms-bestsellers-msem1921-test,Email,11824,73,43.98,0.01,1.0,43.98,3.72,0,0,0,0,0
MS Bestsellers MSEM1918 TEST,Inactive,ms-bestsellers-msem1918-test,Email,10,0,0,0,0,0,0,0,0,0,0,0
MS Bestsellers MSEM1018,Active,ms-bestsellers-msem1018,Email,N/A,N/A,N/A,N/A,N/A,N/A,N/A,N/A,N/A,N/A,N/A,N/A
MS Bestsellers MSEM1017,Active,ms-bestsellers-msem1017,Email,N/A,N/A,N/A,N/A,N/A,N/A,N/A,N/A,N/A,N/A,N/A,N/A
MS Bestsellers MSEM1016,Active,ms-bestsellers-msem1016,Email,13,3,0,0,0,0,0,0,0,0,0,0
MS Bestsellers MSEM1015,Active,ms-bestsellers-msem1015,Email,18028,254,6.99,0.01,1.0,6.99,0.39,0,0,0,0,0
MS Bestsellers MSEM1014,Active,ms-bestsellers-msem1014,Email,18982,170,114.9,0.01,1.0,114.9,6.05,0,0,0,0,0
MS Bestsellers MSEM1013,Active,ms-bestsellers-msem1013,Email,20158,284,37.97,0.01,3.0,113.91,5.65,0,0,0,0,0
MS Bestsellers MSEM1012,Active,ms-bestsellers-msem1012,Email,19451,348,0,0,0,0,0,0,0,0,0,0
MS Bestsellers MSEM1011,Active,ms-bestsellers-msem1011,Email,20217,216,27.97,0.0,1.0,27.97,1.38,0,0,0,0,0
MS Bestsellers MSEM1010,Active,ms-bestsellers-msem1010,Email,20865,336,27.98,0.02,4.0,111.91,5.36,0,0,0,0,0
MS Bestsellers MSEM1009,Active,ms-bestsellers-msem1009,Email,20291,159,0,0,0,0,0,0,0,0,0,0
MS Bestsellers MSEM1008,Active,ms-bestsellers-msem1008,Email,20650,181,0,0,0,0,0,0,0,0,0,0
MS Bestsellers MSEM1007,Active,ms-bestsellers-msem1007,Email,21829,346,38.72,0.02,4.0,154.88,7.1,0,0,0,0,0
MS Bestsellers MSEM1006,Active,ms-bestsellers-msem1006,Email,20325,300,0,0,0,0,0,0,0,0,0,0
MS Bestsellers MSEM1005,Inactive,ms-bestsellers-msem1005,Email,4,6,0,0,0,0,0,0,0,0,0,0
MS Bestsellers MSEM1004,Active,ms-bestsellers-msem1004,Email,20282,328,0,0,0,0,0,0,0,0,0,0
MS Bestsellers MSEM1003,Active,ms-bestsellers-msem1003,Email,20744,317,0,0,0,0,0,0,0,0,0,0
MS Bestsellers MSEM1002,Active,ms-bestsellers-msem1002,Email,21296,503,0,0,0,0,0,0,0,0,0,0
MS Bestsellers MSEM1001,Active,ms-bestsellers-msem1001,Email,21568,370,0,0,0,0,0,0,0,0,0,0
MS Bestsellers MSEM1000,Active,ms-bestsellers-msem1000,Email,22327,414,6.99,0.0,1.0,6.99,0.31,0,0,0,0,0
MS Bestsellers MSEM999,Active,ms-bestsellers-msem999,Email,21963,477,0,0,0,0,0,0,0,0,0,0
MS Bestsellers MSEM996,Active,ms-bestsellers-msem996,Email,21847,228,0,0,0,0,0,0,0,0,0,0
MS Bestsellers MSEM995,Active,ms-bestsellers-msem995,Email,23092,304,0,0,0,0,0,0,0,0,0,0
MS Bestsellers MSEM994,Active,ms-bestsellers-msem994,Email,22152,211,0,0,0,0,0,0,0,0,0,0
MS Bestsellers MSEM993,Active,ms-bestsellers-msem993,Email,23324,265,9.99,0.0,1.0,9.99,0.43,0,0,0,0,0
MS Bestsellers MSEM992,Active,ms-bestsellers-msem992,Email,23227,233,0,0,0,0,0,0,0,0,0,0
MS Bestsellers MSEM991,Inactive,ms-bestsellers-msem991,Email,2,0,0,0,0,0,0,0,0,0,0,0
MS Bestsellers MSEM990,Inactive,ms-bestsellers-msem990,Email,23011,252,21.98,0.0,1.0,21.98,0.96,0,0,0,0,0
MS Bestsellers MSEM989 NEW,Active,ms-bestsellers-msem989-new,Email,22328,194,19.98,0.0,1.0,19.98,0.89,0,0,0,0,0
MS Bestsellers MSEM987 NEW,Active,ms-bestsellers-msem987-new,Email,23961,177,0,0,0,0,0,0,0,0,0,0
MS Bestsellers MSEM984 NEW,Active,ms-bestsellers-msem984-new,Email,21888,210,0,0,0,0,0,0,0,0,0,0
MS Bestsellers MSEM982 NEW,Active,ms-bestsellers-msem982-new,Email,23283,233,0,0,0,0,0,0,0,0,0,0
MS Bestsellers MSEM981 NEW,Active,ms-bestsellers-msem981-new,Email,21907,184,0,0,0,0,0,0,0,0,0,0
MS Bestsellers MSEM980 NEW,Active,ms-bestsellers-msem980-new,Email,24071,254,0,0,0,0,0,0,0,0,0,0
MS Bestsellers MSEM979 NEW,Inactive,ms-bestsellers-msem979-new,Email,21607,151,0,0,0,0,0,0,0,0,0,0
MS Bestsellers MSEM978 NEW,Inactive,ms-bestsellers-msem978-new,Email,23279,211,0,0,0,0,0,0,0,0,0,0
MS Bestsellers MSEM977 NEW,Inactive,ms-bestsellers-msem977-new,Email,22595,158,40.86,0.0,1.0,40.86,1.81,0,0,0,0,0
MS Bestsellers MSEM976 NEW,Active,ms-bestsellers-msem976-new,Email,22704,245,34.49,0.01,3.0,103.46000000000001,4.56,0,0,0,0,0
MS Bestsellers MSEM975,Active,ms-bestsellers-msem975,Email,22389,146,0,0,0,0,0,0,0,0,0,0
MS Bestsellers MSEM974,Active,ms-bestsellers-msem974,Email,23320,194,0,0,0,0,0,0,0,0,0,0
MS Bestsellers MSEM973,Inactive,ms-bestsellers-msem973,Email,22734,73,0,0,0,0,0,0,0,0,0,0
MS Bestsellers MSEM972,Inactive,ms-bestsellers-msem972,Email,23715,200,30.92,0.0,1.0,30.92,1.3,0,0,0,0,0
MS Bestsellers MSEM971 NEW,Inactive,ms-bestsellers-msem971-new,Email,22523,162,0,0,0,0,0,0,0,0,0,0
MS Bestsellers MSEM970 NEW,Inactive,ms-bestsellers-msem970-new,Email,34626,287,0,0,0,0,0,0,0,0,0,0
MS Bestsellers MSEM969 NEW,Active,ms-bestsellers-msem969-new,Email,22657,158,0,0,0,0,0,0,0,0,0,0
MS Bestsellers MSEM968 NEW,Active,ms-bestsellers-msem968-new,Email,23509,179,0,0,0,0,0,0,0,0,0,0
MS Bestsellers MSEM967 NEW,Active,ms-bestsellers-msem967-new,Email,22693,180,0,0,0,0,0,0,0,0,0,0
MS Bestsellers MSEM966 NEW,Inactive,ms-bestsellers-msem966-new,Email,22185,156,0,0,0,0,0,0,0,0,0,0
MS Bestsellers MSEM965 NEW,Active,ms-bestsellers-msem965-new,Email,22902,155,0,0,0,0,0,0,0,0,0,0
MS Bestsellers MSEM964 NEW,Inactive,ms-bestsellers-msem964-new,Email,23523,185,0,0,0,0,0,0,0,0,0,0
MS Bestsellers MSEM963 NEW,Inactive,ms-bestsellers-msem963-new,Email,23958,260,0,0,0,0,0,0,0,0,0,0
MS Bestsellers MSEM962 NEW,Active,ms-bestsellers-msem962-new,Email,22138,112,0,0,0,0,0,0,0,0,0,0
MS Bestsellers MSEM961 NEW,Inactive,ms-bestsellers-msem961-new,Email,23132,167,0,0,0,0,0,0,0,0,0,0
MS Bestsellers MSEM959 NEW,Active,ms-bestsellers-msem959-new,Email,22887,172,0,0,0,0,0,0,0,0,0,0
MS Bestsellers MSEM958 NEW,Inactive,ms-bestsellers-msem958-new,Email,4,0,0,0,0,0,0,0,0,0,0,0
MS Bestsellers MSEM957 NEW,Active,ms-bestsellers-msem957-new,Email,22235,133,0,0,0,0,0,0,0,0,0,0
MS Bestsellers MSEM956 NEW,Active,ms-bestsellers-msem956-new,Email,22616,117,0,0,0,0,0,0,0,0,0,0
MS Bestsellers MSEM955 NEW,Active,ms-bestsellers-msem955-new,Email,22866,110,0,0,0,0,0,0,0,0,0,0
MS Bestsellers MSEM954 NEW,Active,ms-bestsellers-msem954-new,Email,22415,74,0,0,0,0,0,0,0,0,0,0
MS Bestsellers MSEM953 NEW,Active,ms-bestsellers-msem953-new,Email,22306,90,0,0,0,0,0,0,0,0,0,0
MS Bestsellers MSEM952 NEW,Active,ms-bestsellers-msem952-new,Email,21799,63,0,0,0,0,0,0,0,0,0,0
MS Bestsellers MSEM951 NEW,Active,ms-bestsellers-msem951-new,Email,22319,76,0,0,0,0,0,0,0,0,0,0
MS Bestsellers MSEM949 NEW,Active,ms-bestsellers-msem949-new,Email,22265,79,0,0,0,0,0,0,0,0,0,0
MS Bestsellers MSEM948 NEW,Inactive,ms-bestsellers-msem948-new,Email,21902,90,0,0,0,0,0,0,0,0,0,0
MS Bestsellers MSEM946 NEW,Inactive,ms-bestsellers-msem946-new,Email,1,0,0,0,0,0,0,0,0,0,0,0
MS Bestsellers MSEM945 NEW,Active,ms-bestsellers-msem945-new,Email,38522,187,22.28,0.0,1.0,22.28,0.58,0,0,0,0,0
MS Bestsellers MSEM944 NEW,Active,ms-bestsellers-msem944-new,Email,22597,31,0,0,0,0,0,0,0,0,0,0
MS Bestsellers MSEM943 NEW,Inactive,ms-bestsellers-msem943-new,Email,23391,104,0,0,0,0,0,0,0,0,0,0
MS Bestsellers MSEM942 NEW,Inactive,ms-bestsellers-msem942-new,Email,37925,315,123.92,0.0,1.0,123.92,3.27,0,0,0,0,0
MS Bestsellers MSEM939 NEW,Inactive,ms-bestsellers-msem939-new,Email,23076,173,0,0,0,0,0,0,0,0,0,0
MS Bestsellers MSEM938 NEW,Inactive,ms-bestsellers-msem938-new,Email,23871,138,0,0,0,0,0,0,0,0,0,0
MS Bestsellers MSEM937 NEW,Inactive,ms-bestsellers-msem937-new,Email,24086,188,36.96,0.0,1.0,36.96,1.53,0,0,0,0,0
MS Bestsellers MSEM936 Test,Inactive,ms-bestsellers-msem936-test,Email,11764,90,24.98,0.01,1.0,24.98,2.12,0,0,0,0,0
MS Bestsellers MSEM935,Inactive,ms-bestsellers-msem935,Email,11509,58,0,0,0,0,0,0,0,0,0,0
MS Bestsellers MSEM930,Inactive,ms-bestsellers-msem930,Email,23455,151,24.98,0.0,1.0,24.98,1.07,0,0,0,0,0
MS Bestsellers MSEM928,Inactive,ms-bestsellers-msem928,Email,11395,59,0,0,0,0,0,0,0,0,0,0
MS Bestsellers MSEM927,Inactive,ms-bestsellers-msem927,Email,11059,62,21.98,0.01,1.0,21.98,1.99,0,0,0,0,0
MS Bestsellers MSEM922,Inactive,ms-bestsellers-msem922,Email,11329,39,0,0,0,0,0,0,0,0,0,0
MS Bestsellers MSEM920,Inactive,ms-bestsellers-msem920,Email,11560,72,46.96,0.01,1.0,46.96,4.06,0,0,0,0,0
MS Bestsellers MSEM916,Inactive,ms-bestsellers-msem916,Email,23205,149,0,0,0,0,0,0,0,0,0,0
MS Bestsellers MSEM915,Inactive,ms-bestsellers-msem915,Email,23673,179,30.47,0.01,2.0,60.949999999999996,2.57,0,0,0,0,0
MS Bestsellers MSEM914,Active,ms-bestsellers-msem914,Email,24140,149,0,0,0,0,0,0,0,0,0,0
MS Bestsellers MSEM913,Inactive,ms-bestsellers-msem913,Email,24512,239,26.98,0.01,2.0,53.959999999999994,2.2,0,0,0,0,0
MS Bestsellers MSEM912,Inactive,ms-bestsellers-msem912,Email,23943,126,0,0,0,0,0,0,0,0,0,0
MS Bestsellers MSEM90 NEW,Inactive,ms-bestsellers-msem90-new,Email,23605,268,0,0,0,0,0,0,0,0,0,0
MS Bestsellers CL3357,Inactive,ms-bestsellers-cl3357,Email,18978,230,19.73,0.01,1.0,19.73,1.04,0,0,0,0,0
MS Bestsellers (from each range) MSEM909,Inactive,ms-bestsellers-from-each-range-msem909,Email,23435,133,50.27,0.01,3.0,150.8,6.43,0,0,0,0,0
MS Bestsellers (from each range) MSEM908,Inactive,ms-bestsellers-from-each-range-msem908,Email,23709,171,26.97,0.02,4.0,107.89,4.55,0,0,0,0,0
MS Bestsellers (from each range) MSEM907,Inactive,ms-bestsellers-from-each-range-msem907,Email,7,3,0,0,0,0,0,0,0,0,0,0
MS Bestsellers (from each range) MSEM906,Inactive,ms-bestsellers-from-each-range-msem906,Email,24229,204,36.96,0.01,2.0,73.92,3.05,0,0,0,0,0
MS Bestsellers (from each range) MSEM905,Inactive,ms-bestsellers-from-each-range-msem905,Email,24634,133,21.97,0.0,1.0,21.97,0.89,0,0,0,0,0
MS Bestsellers (from each range) MSEM903,Inactive,ms-bestsellers-from-each-range-msem903,Email,25318,221,26.98,0.01,2.0,53.95,2.13,0,0,0,0,0
MS Bestsellers (from each range) MSEM900,Active,ms-bestsellers-from-each-range-msem900,Email,25364,379,26.3,0.01,3.0,78.9,3.11,0,0,0,0,0
MS Bestsellers (from each range) MSEM897,Inactive,ms-bestsellers-from-each-range-msem897,Email,25019,311,30.47,0.01,2.0,60.94,2.44,0,0,0,0,0
MS Bestsellers (from each range) MSEM894,Inactive,ms-bestsellers-from-each-range-msem894,Email,53075,1208,30.12,0.03,18.0,542.13,10.21,0,0,0,0,0
MS Bestsellers (from each range) MSEM893,Inactive,ms-bestsellers-from-each-range-msem893,Email,24950,246,42.3,0.01,3.0,126.89000000000001,5.09,0,0,0,0,0
MS Bestsellers (from each range) MSEM892,Inactive,ms-bestsellers-from-each-range-msem892,Email,25082,273,33.72,0.02,4.0,134.88,5.38,0,0,0,0,0
MS Bestsellers (from each range) MSEM890,Inactive,ms-bestsellers-from-each-range-msem890,Email,25350,432,50.9,0.0,1.0,50.9,2.01,0,0,0,0,0
MS Bestsellers (from each range) MSEM885,Inactive,ms-bestsellers-from-each-range-msem885,Email,25209,432,21.47,0.02,4.0,85.87,3.41,0,0,0,0,0
MS Bestsellers (from each range) MSEM882,Active,ms-bestsellers-from-each-range-msem882,Email,36693,1022,28.81,0.02,6.0,172.88,4.71,0,0,0,0,0
MS Bestsellers (from each range),Inactive,ms-bestsellers-from-each-range,Email,11,7,0,0,0,0,0,0,0,0,0,0
MS Bedding MSEM910,Inactive,ms-bedding-msem910,Email,23739,203,29.47,0.01,2.0,58.93000000000001,2.48,0,0,0,0,0
MS Bedding MSEM902,Inactive,ms-bedding-msem902,Email,24607,186,47.94,0.0,1.0,47.94,1.95,0,0,0,0,0
MS Bedding MSEM901,Inactive,ms-bedding-msem901,Email,24597,245,31.98,0.02,4.0,127.9,5.2,0,0,0,0,0
MS Bedding MSEM899,Inactive,ms-bedding-msem899,Email,24418,186,35.97,0.0,1.0,35.97,1.47,0,0,0,0,0
MS Bedding MSEM895,Inactive,ms-bedding-msem895,Email,26122,276,36.79,0.02,6.0,220.76,8.45,0,0,0,0,0
MS Bedding MSEM891,Inactive,ms-bedding-msem891,Email,25977,380,18.32,0.01,3.0,54.96,2.12,0,0,0,0,0
MS Bedding MSEM887,Active,ms-bedding-msem887,Email,25244,233,21.46,0.01,2.0,42.92,1.7,0,0,0,0,0
MS Bedding 60s MSEM991,Inactive,ms-bedding-60s-msem991,Email,21752,660,20.98,0.02,5.0,104.89999999999999,4.82,0,0,0,0,0
MS Bedding (from each range) MSEM884,Inactive,ms-bedding-from-each-range-msem884,Email,24420,355,29.19,0.07,17.0,496.29999999999995,20.32,0,0,0,0,0
MS 9 x Bestsellers,Active,ms-9-x-bestsellers,Email,153051,2490,28.81,0.02,34.0,979.65,6.4,0,0,0,0,0
MS - PDP - Recommended,Active,ms-pdp-recommended,Web,74249,4072,0,0,0,0,0,16.42,0.01,7.0,114.92999999999999,1.55
MS - Home  - Test,Active,ms-home-test,Web,18966,1244,0,0,0,0,0,0,0,0,0,0
MS - Home  - Most Popular,Inactive,ms-home-most-popular-x,Web,2,0,0,0,0,0,0,0,0,0,0,0
MS - Home  - Most Popular,Inactive,ms-home-most-popular,Web,2,0,0,0,0,0,0,0,0,0,0,0
MS - Empty Cart  - Most Popular,Active,ms-empty-cart-most-popular,Web,2903,189,0,0,0,0,0,0,0,0,0,0
MS - Cart - Upsell,Active,ms-cart-upsell,Web,30059,1100,0,0,0,0,0,14.32,0.01,3.0,42.96,1.43
MS - Basket Pop Up,Active,ms-basket-pop-up,Web,1047,48,0,0,0,0,0,15.98,0.19,2.0,31.96,30.53
Merge test,Inactive,merge-test,Web,1,0,0,0,0,0,0,0,0,0,0,0
Mailshop - Pop over Bar,Active,mailshop-pop-over-bar,Web,19959,0,0,0,0,0,0,0,0,0,0,0
Mailshop - Exit - New,Active,mailshop-exit-new,Web,82504,78,0,0,0,0,0,0,0,0,0,0
Intent Bestsellers,Inactive,intent-bestsellers,Email,147,30,0,0,0,0,0,0,0,0,0,0
Instagram Photo Grid New,Inactive,instagram-photo-grid-new,Web,1,0,0,0,0,0,0,0,0,0,0,0
IG - YG - A001,Inactive,ig-yg-a001,Web,1,0,0,0,0,0,0,0,0,0,0,0
HRK - Sitewider Banner,Inactive,hrk-sitewider-banner,Web,39622,0,0,0,0,0,0,0,0,0,0,0
HRK - PDP - Recommended,Active,hrk-pdp-recommended,Web,446972,28238,0,0,0,0,0,32.99,0.02,104.0,3431.0899999999997,7.68
HRK - PDP - Recently Viewed,Inactive,hrk-pdp-recently-viewed,Web,4204,28,0,0,0,0,0,0,0,0,0,0
HRK - PDP - New Test,Inactive,hrk-pdp-new-test,Web,1,0,0,0,0,0,0,0,0,0,0,0
HRK - Home - New In,Inactive,hrk-home-new-in,Web,1,0,0,0,0,0,0,0,0,0,0,0
HRK - Home - MP - De-dupe,Inactive,hrk-home-mp-de-dupe,Web,1,0,0,0,0,0,0,0,0,0,0,0
HRK - Home,Active,hrk-home-test,Web,111197,6253,0,0,0,0,0,34.03,0.07,79.0,2688.5699999999997,24.18
HRK - Empty Cart  - Most Popular,Active,hrk-empty-cart-most-popular,Web,5643,548,0,0,0,0,0,26.84,0.18,10.0,268.4,47.56
HRK - Easter 15 OFF - Organic and UTM,Inactive,hrk-easter-15-off-organic-and-utm,Web,101,0,0,0,0,0,0,0,0,0,0,0
HRK - Cart - Upsell - 2,Inactive,hrk-cart-upsell-2,Web,1,0,0,0,0,0,0,0,0,0,0,0
HRK - Cart - Upsell,Active,hrk-cart-upsell-new,Web,55057,3034,0,0,0,0,0,8.08,0.14,75.0,605.83,11.0
HRK - Basket Pop Up,Active,hrk-basket-pop-up-a,Web,5685,440,0,0,0,0,0,8.25,0.37,21.0,173.33,30.49
HRK - Basket Pop Up,Inactive,hrk-basket-pop-up,Web,1,0,0,0,0,0,0,0,0,0,0,0
HRK - 404 - Recommended,Active,hrk-404-recommended,Web,587,10,0,0,0,0,0,0,0,0,0,0
Homepage/PDP - Recently Viewed,Inactive,homepagepdp-recently-viewed,Web,1766338,17881,0,0,0,0,0,25.42,0.03,472.0,11999.23,6.79
Homepage/404 - Most Popular Products,Inactive,homepage404-most-popular-products,Web,567001,11349,0,0,0,0,0,27.56,0.05,280.0,7715.46,13.61
Harkness Roses Charity Roses HREM1245,Active,harkness-roses-charity-roses-hrem1245,Email,27426,294,57.35,0.03,8.0,458.78,16.73,0,0,0,0,0
Harkness Roses BOGOF Potted Roses HREM1210,Inactive,harkness-roses-bogof-potted-roses-hrem1210,Email,19876,147,31.98,0.02,3.0,95.94,4.83,0,0,0,0,0
Harkness Roses Bestsellers HREM1247,Active,harkness-roses-bestsellers-hrem1247,Email,25879,526,80.71,0.02,4.0,322.84,12.47,0,0,0,0,0
Harkness Roses Bestsellers HREM1246,Inactive,harkness-roses-bestsellers-hrem1246,Email,1,0,0,0,0,0,0,0,0,0,0,0
Harkness Roses Bestsellers HREM1244,Active,harkness-roses-bestsellers-hrem1244,Email,69187,738,28.98,0.01,10.0,289.78999999999996,4.19,0,0,0,0,0
Harkness Roses Bestsellers HREM1243,Active,harkness-roses-bestsellers-hrem1243,Email,19367,200,32.48,0.01,2.0,64.96,3.35,0,0,0,0,0
Harkness Roses Bestsellers HREM1242,Active,harkness-roses-bestsellers-hrem1242,Email,34796,511,38.3,0.04,13.0,497.87,14.31,0,0,0,0,0
Harkness Roses Bestsellers HREM1241,Active,harkness-roses-bestsellers-hrem1241,Email,23570,373,31.61,0.06,14.0,442.58000000000004,18.78,0,0,0,0,0
Harkness Roses Bestsellers HREM1240,Active,harkness-roses-bestsellers-hrem1240,Email,23254,114,22.28,0.0,1.0,22.28,0.96,0,0,0,0,0
Harkness Roses Bestsellers HREM1239,Active,harkness-roses-bestsellers-hrem1239,Email,44527,379,36.58,0.01,5.0,182.88,4.11,0,0,0,0,0
Harkness Roses Bestsellers HREM1238,Active,harkness-roses-bestsellers-hrem1238,Email,23312,121,33.98,0.02,4.0,135.91,5.83,0,0,0,0,0
Harkness Roses Bestsellers HREM1237,Active,harkness-roses-bestsellers-hrem1237,Email,23142,95,26.98,0.0,1.0,26.98,1.17,0,0,0,0,0
Harkness Roses Bestsellers HREM1236,Inactive,harkness-roses-bestsellers-hrem1236,Email,32358,359,38.64,0.01,3.0,115.92,3.58,0,0,0,0,0
Harkness Roses Bestsellers HREM1235,Active,harkness-roses-bestsellers-hrem1235,Email,21870,60,26.98,0.0,1.0,26.98,1.23,0,0,0,0,0
Harkness Roses Bestsellers HREM1234,Active,harkness-roses-bestsellers-hrem1234,Email,21806,66,64.7,0.01,2.0,129.4,5.93,0,0,0,0,0
Harkness Roses Bestsellers HREM1233,Inactive,harkness-roses-bestsellers-hrem1233,Email,21998,165,49.84,0.02,4.0,199.35,9.06,0,0,0,0,0
Harkness Roses Bestsellers HREM1232,Active,harkness-roses-bestsellers-hrem1232,Email,21952,167,31.98,0.0,1.0,31.98,1.46,0,0,0,0,0
Harkness Roses Bestsellers HREM1231,Active,harkness-roses-bestsellers-hrem1231,Email,21995,186,0,0,0,0,0,0,0,0,0,0
Harkness Roses Bestsellers HREM1230,Active,harkness-roses-bestsellers-hrem1230,Email,32074,467,30.98,0.04,13.0,402.68,12.55,0,0,0,0,0
Harkness Roses Bestsellers HREM1229,Inactive,harkness-roses-bestsellers-hrem1229,Email,20197,124,26.09,0.0,1.0,26.09,1.29,0,0,0,0,0
Harkness Roses Bestsellers HREM1228,Inactive,harkness-roses-bestsellers-hrem1228,Email,20492,152,30.85,0.01,3.0,92.55,4.52,0,0,0,0,0
Harkness Roses Bestsellers HREM1227,Inactive,harkness-roses-bestsellers-hrem1227,Email,20548,179,47.16,0.03,7.0,330.11,16.07,0,0,0,0,0
Harkness Roses Bestsellers HREM1226,Inactive,harkness-roses-bestsellers-hrem1226,Email,20551,171,49.8,0.01,2.0,99.6,4.85,0,0,0,0,0
Harkness Roses Bestsellers HREM1225,Inactive,harkness-roses-bestsellers-hrem1225,Email,20127,131,48.7,0.03,6.0,292.2,14.52,0,0,0,0,0
Harkness Roses Bestsellers HREM1224,Inactive,harkness-roses-bestsellers-hrem1224,Email,20411,170,25.98,0.01,2.0,51.95,2.55,0,0,0,0,0
Harkness Roses Bestsellers HREM1223,Inactive,harkness-roses-bestsellers-hrem1223,Email,28543,315,40.25,0.03,9.0,362.24,12.69,0,0,0,0,0
Harkness Roses Bestsellers HREM1222,Inactive,harkness-roses-bestsellers-hrem1222,Email,21182,302,26.24,0.03,6.0,157.45999999999998,7.43,0,0,0,0,0
Harkness Roses Bestsellers HREM1220,Inactive,harkness-roses-bestsellers-hrem1220,Email,27324,183,38.22,0.03,8.0,305.78,11.19,0,0,0,0,0
Harkness Roses Bestsellers HREM1219,Inactive,harkness-roses-bestsellers-hrem1219,Email,32526,284,41.26,0.02,7.0,288.83,8.88,0,0,0,0,0
Harkness Roses Bestsellers HREM1218,Inactive,harkness-roses-bestsellers-hrem1218,Email,19280,110,41.22,0.02,4.0,164.89,8.55,0,0,0,0,0
Harkness Roses Bestsellers HREM1214,Inactive,harkness-roses-bestsellers-hrem1214,Email,18418,87,39.48,0.02,4.0,157.91,8.57,0,0,0,0,0
Harkness Roses Bestsellers HREM1213,Inactive,harkness-roses-bestsellers-hrem1213,Email,20315,89,0,0,0,0,0,0,0,0,0,0
Harkness Roses Bestsellers HREM1212,Inactive,harkness-roses-bestsellers-hrem1212,Email,19689,71,36.98,0.01,1.0,36.98,1.88,0,0,0,0,0
Harkness Roses Bestsellers HREM1211,Inactive,harkness-roses-bestsellers-hrem1211,Email,21263,102,31.98,0.01,2.0,63.959999999999994,3.01,0,0,0,0,0
Harkness Roses Bestsellers HREM1209,Inactive,harkness-roses-bestsellers-hrem1209,Email,17453,127,34.48,0.01,2.0,68.96,3.95,0,0,0,0,0
Harkness Roses Bestsellers HREM1208,Inactive,harkness-roses-bestsellers-hrem1208,Email,20155,177,33.65,0.01,3.0,100.94,5.01,0,0,0,0,0
Harkness Roses Bestsellers HREM1207,Inactive,harkness-roses-bestsellers-hrem1207,Email,17964,113,0,0,0,0,0,0,0,0,0,0
Harkness Roses Bestsellers HREM1206,Inactive,harkness-roses-bestsellers-hrem1206,Email,17590,134,0,0,0,0,0,0,0,0,0,0
Harkness Roses Bestsellers HREM1205,Inactive,harkness-roses-bestsellers-hrem1205,Email,36720,720,51.72,0.07,26.0,1344.7900000000002,36.62,0,0,0,0,0
Harkness Roses Bestsellers HREM1204,Active,harkness-roses-bestsellers-hrem1204,Email,17534,153,47.97,0.01,1.0,47.97,2.74,0,0,0,0,0
Harkness Roses Bestsellers HREM1203,Active,harkness-roses-bestsellers-hrem1203,Email,36769,293,43.58,0.01,5.0,217.88,5.93,0,0,0,0,0
Harkness Roses Bestsellers HREM1201,Inactive,harkness-roses-bestsellers-hrem1201,Email,18173,206,50.97,0.01,2.0,101.94,5.61,0,0,0,0,0
Harkness Roses Bestsellers HREM1200,Inactive,harkness-roses-bestsellers-hrem1200,Email,18494,146,31.98,0.02,3.0,95.94,5.19,0,0,0,0,0
Harkness Roses Bestsellers HREM1199-2,Inactive,harkness-roses-bestsellers-hrem1199-2,Email,18725,105,0,0,0,0,0,0,0,0,0,0
Harkness Roses Bestsellers HREM1199,Inactive,harkness-roses-bestsellers-hrem1199,Email,1,0,0,0,0,0,0,0,0,0,0,0
Harkness Roses Bestsellers HREM1196,Inactive,harkness-roses-bestsellers-hrem1196,Email,10,0,0,0,0,0,0,0,0,0,0,0
Harkness Roses Bestsellers HREM1178,Inactive,harkness-roses-bestsellers-hrem1178,Email,17779,126,41.98,0.01,1.0,41.98,2.36,0,0,0,0,0
Harkness Roses Bestsellers HREM1176,Inactive,harkness-roses-bestsellers-hrem1176,Email,20932,227,36.98,0.0,1.0,36.98,1.77,0,0,0,0,0
Harkness Roses Bestsellers,Inactive,harkness-roses-bestsellers,Email,44299,626,45.1,0.02,8.0,360.82,8.15,0,0,0,0,0
Harkness Roses Bare Root Roses HREM1202,Inactive,harkness-roses-bare-root-roses-hrem1202,Email,20139,204,41.98,0.0,1.0,41.98,2.08,0,0,0,0,0
Harkness Brand New Standards Range HREM1250,Active,harkness-brand-new-standards-range-hrem1250,Email,37206,737,33.59,0.05,20.0,671.7199999999999,18.05,0,0,0,0,0
Harkness Brand New Standards Range HREM1249,Active,harkness-brand-new-standards-range-hrem1249,Email,26498,290,32.18,0.02,5.0,160.9,6.07,0,0,0,0,0
Harkness Brand New Standards Range HREM1248,Active,harkness-brand-new-standards-range-hrem1248,Email,26813,320,38.73,0.01,4.0,154.91,5.78,0,0,0,0,0
GD Trees &amp; Shrubs EMGD1096,Active,gd-trees-amp-shrubs-emgd1096,Email,43430,422,24.3,0.01,3.0,72.91,1.68,0,0,0,0,0
GD Standards- EMGD1303,Inactive,gd-standards-emgd1303,Email,2,0,0,0,0,0,0,0,0,0,0,0
GD Spring Bulbs EMGD1169,Active,gd-spring-bulbs-emgd1169,Email,41677,186,24.52,0.0,2.0,49.05,1.18,0,0,0,0,0
GD SALE Bedding - EM1272,Inactive,gd-sale-bedding-em1272,Email,39821,631,18.59,0.04,15.0,278.81,7.0,0,0,0,0,0
GD SALE Bedding - EM1271,Active,gd-sale-bedding-em1271,Email,39178,704,26.15,0.05,21.0,549.14,14.02,0,0,0,0,0
GD SALE Bedding - EM1267,Active,gd-sale-bedding-em1267,Email,39885,812,15.31,0.04,17.0,260.31,6.53,0,0,0,0,0
GD SALE Bedding - EM1266v3,Inactive,gd-sale-bedding-em1266v3,Email,39732,1005,21.49,0.06,22.0,472.75000000000006,11.9,0,0,0,0,0
GD SALE Bedding - EM1266 v2,Inactive,gd-sale-bedding-em1266-v2,Email,1,0,0,0,0,0,0,0,0,0,0,0
GD SALE Bedding - EM1266,Inactive,gd-sale-bedding-em1266,Email,4,3,0,0,0,0,0,0,0,0,0,0
GD Roses SALE 2026 - EMGD1289,Active,gd-roses-sale-2026-emgd1289,Email,39450,166,14.98,0.01,2.0,29.96,0.76,0,0,0,0,0
GD Roses SALE 2026 - EM3548A,Active,gd-roses-sale-2026-em3548a,Email,41034,316,0,0,0,0,0,0,0,0,0,0
GD Plants EMGD1124,Active,gd-plants-emgd1124,Email,67702,610,16.96,0.0,1.0,16.96,0.25,0,0,0,0,0
GD Perennials EMGD1284,Active,gd-perennials-emgd1284,Email,41202,381,39.95,0.01,3.0,119.86,2.91,0,0,0,0,0
GD Perennials EMGD1165,Active,gd-perennials-emgd1165,Email,40651,169,74.91,0.0,1.0,74.91,1.84,0,0,0,0,0
GD Perennials EMGD1163,Active,gd-perennials-emgd1163,Email,43611,273,0,0,0,0,0,0,0,0,0,0
GD Perennials EMGD1159,Active,gd-perennials-emgd1159,Email,42310,252,0,0,0,0,0,0,0,0,0,0
GD Perennials EMGD1135,Active,gd-perennials-emgd1135,Email,42004,123,0,0,0,0,0,0,0,0,0,0
GD Grow Your Own Fruit and Veg EMGD1310,Active,gd-grow-your-own-fruit-and-veg-emgd1310,Email,35103,141,0,0,0,0,0,0,0,0,0,0
GD GR10s but show 120s CLEARANCE EMGD1281v2,Inactive,gd-gr10s-but-show-120s-clearance-emgd1281v2,Email,4,0,0,0,0,0,0,0,0,0,0,0
GD GR10s but show 120s CLEARANCE EMGD1281,Active,gd-gr10s-but-show-120s-clearance-emgd1281,Email,39712,210,59.93,0.0,1.0,59.93,1.51,0,0,0,0,0
GD GR10s but show 120s CLEARANCE EMGD1279,Inactive,gd-gr10s-but-show-120s-clearance-emgd1279,Email,3,0,0,0,0,0,0,0,0,0,0,0
GD GR10s but show 120s CLEARANCE EMGD1268,Inactive,gd-gr10s-but-show-120s-clearance-emgd1268,Email,39781,164,61.94,0.01,4.0,247.74,6.23,0,0,0,0,0
GD GR10s but show 120s CLEARANCE EMGD1265,Inactive,gd-gr10s-but-show-120s-clearance-emgd1265,Email,39889,389,37.82,0.02,7.0,264.74,6.64,0,0,0,0,0
GD GR10s but show 120s CLEARANCE EMGD1264,Inactive,gd-gr10s-but-show-120s-clearance-emgd1264,Email,5,0,0,0,0,0,0,0,0,0,0,0
GD GR10s but show 120s CLEARANCE EMGD1263,Active,gd-gr10s-but-show-120s-clearance-emgd1263,Email,40104,749,37.16,0.02,10.0,371.59000000000003,9.27,0,0,0,0,0
GD GR10s but show 120s CLEARANCE EMGD1254,Active,gd-gr10s-but-show-120s-clearance-emgd1254,Email,39625,399,28.96,0.02,7.0,202.73,5.12,0,0,0,0,0
GD GR10s but show 120s CLEARANCE EMGD1252,Active,gd-gr10s-but-show-120s-clearance-emgd1252,Email,39839,381,32.79,0.02,6.0,196.76,4.94,0,0,0,0,0
GD Garden Ready EMGD1317,Active,gd-garden-ready-emgd1317,Email,N/A,N/A,N/A,N/A,N/A,N/A,N/A,N/A,N/A,N/A,N/A,N/A
GD Garden Ready EMGD1316v3,Active,gd-garden-ready-emgd1316v3,Email,N/A,N/A,N/A,N/A,N/A,N/A,N/A,N/A,N/A,N/A,N/A,N/A
GD Garden Ready EMGD1316v2,Inactive,gd-garden-ready-emgd1316v2,Email,N/A,N/A,N/A,N/A,N/A,N/A,N/A,N/A,N/A,N/A,N/A,N/A
GD Garden Ready EMGD1316,Inactive,gd-garden-ready-emgd1316,Email,N/A,N/A,N/A,N/A,N/A,N/A,N/A,N/A,N/A,N/A,N/A,N/A
GD Garden Ready EMGD1315,Active,gd-garden-ready-emgd1315,Email,13,9,0,0,0,0,0,0,0,0,0,0
GD Fruit and Veg EMGD1298,Active,gd-fruit-and-veg-emgd1298,Email,39163,339,21.31,0.01,3.0,63.94,1.63,0,0,0,0,0
GD Fruit and Veg EMGD1276,Active,gd-fruit-and-veg-emgd1276,Email,40102,313,17.98,0.0,2.0,35.97,0.9,0,0,0,0,0
GD Fruit and Veg EMGD1274,Inactive,gd-fruit-and-veg-emgd1274,Email,1,0,0,0,0,0,0,0,0,0,0,0
GD Fruit &amp; Veg - EM1274,Active,gd-fruit-amp-veg-em1274,Email,41043,527,21.94,0.01,6.0,131.65,3.21,0,0,0,0,0
GD Flowering shrubs EMGD1178,Active,gd-flowering-shrubs-emgd1178,Email,41231,266,74.97,0.0,1.0,74.97,1.82,0,0,0,0,0
GD Countdown 260825,Active,gd-countdown-260825,Email,39052,0,0,0,0,0,0,0,0,0,0,0
GD Countdown 210526,Active,gd-countdown-210526,Email,36066,0,0,0,0,0,0,0,0,0,0,0
GD Countdown 140526,Active,gd-countdown-140526,Email,36808,0,0,0,0,0,0,0,0,0,0,0
GD Countdown 130426,Active,gd-countdown-130426,Email,38912,0,0,0,0,0,0,0,0,0,0,0
GD Countdown 070426,Active,gd-countdown-070426,Email,37977,0,0,0,0,0,0,0,0,0,0,0
GD Countdown 060426,Active,gd-countdown-060426,Email,37233,0,0,0,0,0,0,0,0,0,0,0
GD Countdown 050526,Active,gd-countdown-050526,Email,38465,0,0,0,0,0,0,0,0,0,0,0
GD Countdown 050226,Active,gd-countdown-050226,Email,58081,0,0,0,0,0,0,0,0,0,0,0
GD Countdown 040526,Active,gd-countdown-040526,Email,37498,0,0,0,0,0,0,0,0,0,0,0
GD Countdown 020226,Active,gd-countdown-020226,Email,39563,0,0,0,0,0,0,0,0,0,0,0
GD Countdown 010226,Active,gd-countdown-010226,Email,54569,0,0,0,0,0,0,0,0,0,0,0
GD Countdown,Active,gd-countdown,Email,38299,0,0,0,0,0,0,0,0,0,0,0
GD Composts but show 120s CLEARANCE EMGD1251,Active,gd-composts-but-show-120s-clearance-emgd1251,Email,39870,334,21.31,0.02,6.0,127.83999999999999,3.21,0,0,0,0,0
GD Categories Section - Variant X,Active,gd-categories-section-variant-x,Web,144393,3424,0,0,0,0,0,40.8,0.03,48.0,1958.44,13.56
GD Categories Section - Homepage,Inactive,gd-categories-section-homepage,Web,6334,0,0,0,0,0,0,0,0,0,0,0
GD Bulbs SALE 2026 - EMGD1299,Active,gd-bulbs-sale-2026-emgd1299,Email,40614,677,22.13,0.01,6.0,132.77,3.27,0,0,0,0,0
GD BOGOF 60s EMGD1253,Inactive,gd-bogof-60s-emgd1253,Email,3,0,0,0,0,0,0,0,0,0,0,0
GD BOGOF 60s EMGD1249,Inactive,gd-bogof-60s-emgd1249,Email,4,0,0,0,0,0,0,0,0,0,0,0
GD BOGOF 60s EMGD1246,Inactive,gd-bogof-60s-emgd1246,Email,39720,1024,26.91,0.04,17.0,457.4200000000001,11.52,0,0,0,0,0
GD BOGOF 60s EMGD1244,Inactive,gd-bogof-60s-emgd1244,Email,40823,1250,27.87,0.05,20.0,557.3299999999999,13.65,0,0,0,0,0
GD BOGOF 60s EMGD1242,Inactive,gd-bogof-60s-emgd1242,Email,39757,1098,41.67,0.06,24.0,1000.0300000000001,25.15,0,0,0,0,0
GD BOGOF 60s EMGD1239,Inactive,gd-bogof-60s-emgd1239,Email,39887,841,29.17,0.03,10.0,291.65999999999997,7.31,0,0,0,0,0
GD BOGOF 60s EMGD1238,Inactive,gd-bogof-60s-emgd1238,Email,40121,963,24.5,0.04,17.0,416.53999999999996,10.38,0,0,0,0,0
GD BOGOF 60s EMGD1236,Inactive,gd-bogof-60s-emgd1236,Email,40305,1233,37.02,0.04,15.0,555.2900000000001,13.78,0,0,0,0,0
GD BOGOF 60s EMGD1227,Active,gd-bogof-60s-emgd1227,Email,82052,3602,32.09,0.07,60.0,1925.2100000000003,23.46,0,0,0,0,0
GD BOGOF 40s EMGD1247,Inactive,gd-bogof-40s-emgd1247,Email,11,0,0,0,0,0,0,0,0,0,0,0
GD BOGOF 40s EMGD1245,Inactive,gd-bogof-40s-emgd1245,Email,39032,969,35.85,0.02,9.0,322.67999999999995,8.27,0,0,0,0,0
GD BOGOF 40s EMGD1243,Inactive,gd-bogof-40s-emgd1243,Email,39693,977,40.91,0.04,15.0,613.72,15.46,0,0,0,0,0
GD BOGOF 40s EMGD1240,Inactive,gd-bogof-40s-emgd1240,Email,38790,845,28.09,0.05,18.0,505.56000000000006,13.03,0,0,0,0,0
GD BOGOF 40s EMGD1237,Inactive,gd-bogof-40s-emgd1237,Email,39540,813,22.71,0.05,18.0,408.71000000000004,10.34,0,0,0,0,0
GD BOGOF 40s EMGD1235,Inactive,gd-bogof-40s-emgd1235,Email,38748,1014,33.56,0.04,17.0,570.51,14.72,0,0,0,0,0
GD BOGOF 40s EMGD1233,Inactive,gd-bogof-40s-emgd1233,Email,39475,867,34.64,0.03,12.0,415.64,10.53,0,0,0,0,0
GD BOGOF 40s EMGD1232,Inactive,gd-bogof-40s-emgd1232,Email,39505,855,23.32,0.02,6.0,139.91,3.54,0,0,0,0,0
GD BOGOF 40s EMGD1231,Inactive,gd-bogof-40s-emgd1231,Email,39250,854,26.23,0.02,8.0,209.84000000000003,5.35,0,0,0,0,0
GD BOGOF 40s EMGD1230,Inactive,gd-bogof-40s-emgd1230,Email,39284,997,41.38,0.03,12.0,496.58000000000004,12.64,0,0,0,0,0
GD BOGOF 40s EMGD1225,Active,gd-bogof-40s-emgd1225,Email,103075,5846,32.72,0.1,101.0,3304.7900000000004,32.06,0,0,0,0,0
GD Black Friday Countdown 281125,Inactive,gd-black-friday-countdown-281125,Email,2,0,0,0,0,0,0,0,0,0,0,0
GD Black Friday Countdown 271125,Active,gd-black-friday-countdown-271125,Email,39304,0,0,0,0,0,0,0,0,0,0,0
GD Black Friday Countdown 261125,Active,gd-black-friday-countdown-261125,Email,39678,0,0,0,0,0,0,0,0,0,0,0
GD Black Friday Countdown 251125,Active,gd-black-friday-countdown-251125,Email,39971,0,0,0,0,0,0,0,0,0,0,0
GD Black Friday Countdown 231125,Active,gd-black-friday-countdown-231125,Email,39793,0,0,0,0,0,0,0,0,0,0,0
GD Bestsellers EMGD1318,Active,gd-bestsellers-emgd1318,Email,N/A,N/A,N/A,N/A,N/A,N/A,N/A,N/A,N/A,N/A,N/A,N/A
GD Bestsellers EMGD1314,Active,gd-bestsellers-emgd1314,Email,33545,739,38.96,0.02,8.0,311.66,9.29,0,0,0,0,0
GD Bestsellers EMGD1313,Active,gd-bestsellers-emgd1313,Email,34721,424,21.97,0.01,2.0,43.94,1.27,0,0,0,0,0
GD Bestsellers EMGD1311v2,Active,gd-bestsellers-emgd1311v2,Email,37053,770,38.08,0.02,8.0,304.62999999999994,8.22,0,0,0,0,0
GD Bestsellers EMGD1311,Inactive,gd-bestsellers-emgd1311,Triggered Email,1,0,0,0,0,0,0,0,0,0,0,0
GD Bestsellers EMGD1309,Active,gd-bestsellers-emgd1309,Email,36908,253,55.96,0.0,1.0,55.96,1.52,0,0,0,0,0
GD Bestsellers EMGD1308,Active,gd-bestsellers-emgd1308,Email,36827,745,30.96,0.01,5.0,154.82,4.2,0,0,0,0,0
GD Bestsellers EMGD1307,Active,gd-bestsellers-emgd1307,Email,38452,604,39.95,0.01,5.0,199.76999999999998,5.2,0,0,0,0,0
GD Bestsellers EMGD1306,Active,gd-bestsellers-emgd1306,Email,38589,566,32.06,0.03,12.0,384.69000000000005,9.97,0,0,0,0,0
GD Bestsellers EMGD1303,Active,gd-bestsellers-emgd1303,Email,39427,533,39.22,0.01,4.0,156.86,3.98,0,0,0,0,0
GD Bestsellers EMGD1301,Active,gd-bestsellers-emgd1301,Email,39037,497,43.71,0.01,4.0,174.84,4.48,0,0,0,0,0
GD Bestsellers EMGD1297v2,Active,gd-bestsellers-emgd1297v2,Email,41651,739,31.72,0.02,7.0,222.01999999999998,5.33,0,0,0,0,0
GD Bestsellers EMGD1297,Inactive,gd-bestsellers-emgd1297,Email,8,3,0,0,0,0,0,0,0,0,0,0
GD Bestsellers EMGD1296,Inactive,gd-bestsellers-emgd1296,Email,8,3,0,0,0,0,0,0,0,0,0,0
GD Bestsellers EMGD1294,Active,gd-bestsellers-emgd1294,Email,40573,683,43.1,0.02,8.0,344.82000000000005,8.5,0,0,0,0,0
GD Bestsellers EMGD1293,Active,gd-bestsellers-emgd1293,Email,40039,648,52.84,0.02,9.0,475.58000000000004,11.88,0,0,0,0,0
GD Bestsellers EMGD1292,Active,gd-bestsellers-emgd1292,Email,39709,437,33.97,0.01,4.0,135.86,3.42,0,0,0,0,0
GD Bestsellers EMGD1291,Active,gd-bestsellers-emgd1291,Email,39794,863,23.64,0.01,3.0,70.92,1.78,0,0,0,0,0
GD Bestsellers EMGD1290,Active,gd-bestsellers-emgd1290,Email,39877,840,43.34,0.02,8.0,346.68,8.69,0,0,0,0,0
GD Bestsellers EMGD1288,Active,gd-bestsellers-emgd1288,Email,41968,707,31.57,0.01,5.0,157.85999999999999,3.76,0,0,0,0,0
GD Bestsellers EMGD1287,Inactive,gd-bestsellers-emgd1287,Email,4,0,0,0,0,0,0,0,0,0,0,0
GD Bestsellers EMGD1286,Active,gd-bestsellers-emgd1286,Email,40935,466,27.47,0.0,2.0,54.94,1.34,0,0,0,0,0
GD Bestsellers EMGD1285,Active,gd-bestsellers-emgd1285,Email,39862,579,46.07,0.02,9.0,414.63,10.4,0,0,0,0,0
GD Bestsellers EMGD1282,Active,gd-bestsellers-emgd1282,Email,40229,696,35.37,0.01,5.0,176.84,4.4,0,0,0,0,0
GD Bestsellers EMGD1279 v2,Active,gd-bestsellers-emgd1279-v2,Email,41266,993,41.39,0.02,7.0,289.73,7.02,0,0,0,0,0
GD Bestsellers EMGD1279,Inactive,gd-bestsellers-emgd1279,Email,7,9,0,0,0,0,0,0,0,0,0,0
GD Bestsellers EMGD1278,Active,gd-bestsellers-emgd1278,Email,41783,854,27.44,0.03,12.0,329.28,7.88,0,0,0,0,0
GD Bestsellers EMGD1277,Inactive,gd-bestsellers-emgd1277,Email,6,0,0,0,0,0,0,0,0,0,0,0
GD Bestsellers EMGD1241,Active,gd-bestsellers-emgd1241,Email,38758,218,0,0,0,0,0,0,0,0,0,0
GD Bestsellers EMGD1234,Active,gd-bestsellers-emgd1234,Email,40074,431,35.77,0.01,5.0,178.85,4.46,0,0,0,0,0
GD Bestsellers EMGD1229,Active,gd-bestsellers-emgd1229,Email,38849,195,0,0,0,0,0,0,0,0,0,0
GD Bestsellers EMGD1228,Active,gd-bestsellers-emgd1228,Email,39648,237,64.9,0.01,2.0,129.8,3.27,0,0,0,0,0
GD Bestsellers EMGD1226,Active,gd-bestsellers-emgd1226,Email,59699,1725,34.17,0.05,30.0,1024.96,17.17,0,0,0,0,0
GD Bestsellers EMGD1223,Active,gd-bestsellers-emgd1223,Email,39146,142,17.49,0.01,2.0,34.98,0.89,0,0,0,0,0
GD Bestsellers EMGD1222,Active,gd-bestsellers-emgd1222,Email,33841,291,29.49,0.01,3.0,88.47,2.61,0,0,0,0,0
GD Bestsellers EMGD1221,Active,gd-bestsellers-emgd1221,Email,40187,156,43.45,0.01,4.0,173.81,4.33,0,0,0,0,0
GD Bestsellers EMGD1220,Active,gd-bestsellers-emgd1220,Email,39843,140,18.97,0.01,4.0,75.89999999999999,1.9,0,0,0,0,0
GD Bestsellers EMGD1219,Active,gd-bestsellers-emgd1219,Email,41041,152,30.97,0.0,2.0,61.94,1.51,0,0,0,0,0
GD Bestsellers EMGD1218 v3,Active,gd-bestsellers-emgd1218-v3,Email,39257,75,0,0,0,0,0,0,0,0,0,0
GD Bestsellers EMGD1218 v2,Inactive,gd-bestsellers-emgd1218-v2,Email,0,0,0,0,0,0,0,0,0,0,0,0
GD Bestsellers EMGD1218,Inactive,gd-bestsellers-emgd1218,Email,0,0,0,0,0,0,0,0,0,0,0,0
GD Bestsellers EMGD1217,Inactive,gd-bestsellers-emgd1217,Email,4,0,0,0,0,0,0,0,0,0,0,0
GD Bestsellers EMGD1216,Active,gd-bestsellers-emgd1216,Email,64702,237,46.94,0.0,1.0,46.94,0.73,0,0,0,0,0
GD Bestsellers EMGD1215,Active,gd-bestsellers-emgd1215,Email,43080,192,92.23,0.01,3.0,276.68,6.42,0,0,0,0,0
GD Bestsellers EMGD1214,Active,gd-bestsellers-emgd1214,Email,41789,175,38.97,0.01,3.0,116.89999999999999,2.8,0,0,0,0,0
GD Bestsellers EMGD1213,Active,gd-bestsellers-emgd1213,Email,42242,221,56.93,0.0,2.0,113.86,2.7,0,0,0,0,0
GD Bestsellers EMGD1212,Active,gd-bestsellers-emgd1212,Email,38659,177,51.33,0.01,2.0,102.66,2.66,0,0,0,0,0
GD Bestsellers EMGD1210,Active,gd-bestsellers-emgd1210,Email,40525,135,26.87,0.01,3.0,80.61,1.99,0,0,0,0,0
GD Bestsellers EMGD1209,Active,gd-bestsellers-emgd1209,Email,38795,101,0,0,0,0,0,0,0,0,0,0
GD Bestsellers EMGD1208,Active,gd-bestsellers-emgd1208,Email,38932,73,36.45,0.01,2.0,72.91,1.87,0,0,0,0,0
GD Bestsellers EMGD1207,Active,gd-bestsellers-emgd1207,Email,41726,192,24.97,0.0,2.0,49.94,1.2,0,0,0,0,0
GD Bestsellers EMGD1206,Active,gd-bestsellers-emgd1206,Email,37523,168,35.95,0.01,3.0,107.86,2.87,0,0,0,0,0
GD Bestsellers EMGD1205,Active,gd-bestsellers-emgd1205,Email,45199,150,44.94,0.0,1.0,44.94,0.99,0,0,0,0,0
GD Bestsellers EMGD1204,Active,gd-bestsellers-emgd1204,Email,34875,67,8.98,0.01,2.0,17.96,0.51,0,0,0,0,0
GD Bestsellers EMGD1203,Active,gd-bestsellers-emgd1203,Email,39681,386,13.96,0.02,7.0,97.74000000000001,2.46,0,0,0,0,0
GD Bestsellers EMGD1202,Active,gd-bestsellers-emgd12012,Email,40036,143,0,0,0,0,0,0,0,0,0,0
GD Bestsellers EMGD1201,Active,gd-bestsellers-emgd1201,Email,40264,318,24.98,0.0,2.0,49.96,1.24,0,0,0,0,0
GD Bestsellers EMGD1200,Inactive,gd-bestsellers-emgd1200,Email,12,3,0,0,0,0,0,0,0,0,0,0
GD Bestsellers EMGD1199,Active,gd-bestsellers-emgd1199,Email,40754,206,21.98,0.0,1.0,21.98,0.54,0,0,0,0,0
GD Bestsellers EMGD1198,Inactive,gd-bestsellers-emgd1198,Email,9,7,0,0,0,0,0,0,0,0,0,0
GD Bestsellers EMGD1197,Active,gd-bestsellers-emgd1197,Email,38077,226,22.98,0.0,1.0,22.98,0.6,0,0,0,0,0
GD Bestsellers EMGD1196,Active,gd-bestsellers-emgd1196,Email,39482,338,23.38,0.01,4.0,93.51,2.37,0,0,0,0,0
GD Bestsellers EMGD1195,Active,gd-bestsellers-emgd1195,Email,78307,512,26.97,0.0,2.0,53.949999999999996,0.69,0,0,0,0,0
GD Bestsellers EMGD1194,Active,gd-bestsellers-emgd1194,Email,39971,207,20.98,0.0,1.0,20.98,0.52,0,0,0,0,0
GD Bestsellers EMGD1193,Active,gd-bestsellers-emgd1193,Email,40500,361,36.37,0.01,4.0,145.48999999999998,3.59,0,0,0,0,0
GD Bestsellers EMGD1192,Active,gd-bestsellers-emgd1192,Email,40722,293,78.47,0.0,2.0,156.93,3.85,0,0,0,0,0
GD Bestsellers EMGD1191,Active,gd-bestsellers-emgd1191,Email,40730,458,24.71,0.01,3.0,74.12,1.82,0,0,0,0,0
GD Bestsellers EMGD1190 v2,Active,gd-bestsellers-emgd1190-v2,Email,61517,1042,32.77,0.01,7.0,229.41,3.73,0,0,0,0,0
GD Bestsellers EMGD1189,Active,gd-bestsellers-emgd1189,Email,41317,109,0,0,0,0,0,0,0,0,0,0
GD Bestsellers EMGD1188,Active,gd-bestsellers-emgd1188,Email,38442,241,26.98,0.01,3.0,80.92999999999999,2.11,0,0,0,0,0
GD Bestsellers EMGD1187,Active,gd-bestsellers-emgd1187,Email,38551,167,23.08,0.01,2.0,46.16,1.2,0,0,0,0,0
GD Bestsellers EMGD1186,Active,gd-bestsellers-emgd1186,Email,38639,270,18.64,0.01,3.0,55.93000000000001,1.45,0,0,0,0,0
GD Bestsellers EMGD1185,Active,gd-bestsellers-emgd1185,Email,38605,193,0,0,0,0,0,0,0,0,0,0
GD Bestsellers EMGD1184,Active,gd-bestsellers-emgd1184,Email,37647,60,42.55,0.01,2.0,85.11,2.26,0,0,0,0,0
GD Bestsellers EMGD1183,Active,gd-bestsellers-emgd1183,Email,38061,33,0,0,0,0,0,0,0,0,0,0
GD Bestsellers EMGD1182,Active,gd-bestsellers-emgd1182,Email,38357,110,27.98,0.0,1.0,27.98,0.73,0,0,0,0,0
GD Bestsellers EMGD1181,Active,gd-bestsellers-emgd1181,Email,38662,68,0,0,0,0,0,0,0,0,0,0
GD Bestsellers EMGD1180,Active,gd-bestsellers-emgd1180,Email,42340,145,41.64,0.01,3.0,124.91,2.95,0,0,0,0,0
GD Bestsellers EMGD1179,Active,gd-bestsellers-emgd1179,Email,40032,127,31.97,0.0,1.0,31.97,0.8,0,0,0,0,0
GD Bestsellers EMGD1178,Inactive,gd-bestsellers-emgd1178,Email,5,0,0,0,0,0,0,0,0,0,0,0
GD Bestsellers EMGD1177,Active,gd-bestsellers-emgd1177,Email,40133,127,0,0,0,0,0,0,0,0,0,0
GD Bestsellers EMGD1176,Active,gd-bestsellers-emgd1176,Email,41747,166,0,0,0,0,0,0,0,0,0,0
GD Bestsellers EMGD1175,Active,gd-bestsellers-emgd1175,Email,40452,98,0,0,0,0,0,0,0,0,0,0
GD Bestsellers EMGD1174,Active,gd-bestsellers-emgd1174,Email,41606,152,19.98,0.0,1.0,19.98,0.48,0,0,0,0,0
GD Bestsellers EMGD1172,Active,gd-bestsellers-emgd1172,Email,40656,97,27.96,0.0,1.0,27.96,0.69,0,0,0,0,0
GD Bestsellers EMGD1171,Active,gd-bestsellers-emgd1171,Email,41693,194,30.97,0.0,1.0,30.97,0.74,0,0,0,0,0
GD Bestsellers EMGD1170,Active,gd-bestsellers-emgd1170,Email,40922,91,0,0,0,0,0,0,0,0,0,0
GD Bestsellers EMGD1168,Active,gd-bestsellers-emgd1168,Email,40437,134,28.48,0.0,2.0,56.95,1.41,0,0,0,0,0
GD Bestsellers EMGD1167,Active,gd-bestsellers-emgd1167,Email,41350,136,30.97,0.0,1.0,30.97,0.75,0,0,0,0,0
GD Bestsellers EMGD1166,Active,gd-bestsellers-emgd1166,Email,41232,136,30.97,0.0,1.0,30.97,0.75,0,0,0,0,0
GD Bestsellers (from each range) GDWELCOME10,Inactive,gd-bestsellers-from-each-range-gdwelcome10,Email,5,0,0,0,0,0,0,0,0,0,0,0
GD Bestsellers (from each range) EMGD1211,Active,gd-bestsellers-from-each-range-emgd1211,Email,125034,3031,36.17,0.04,51.0,1844.61,14.75,0,0,0,0,0
GD Bestsellers (from each range) EMGD1190,Inactive,gd-bestsellers-from-each-range-emgd1190,Email,6,10,0,0,0,0,0,0,0,0,0,0
GD Bestsellers (from each range) EMGD1161,Active,gd-bestsellers-from-each-range-emgd1161,Email,41983,238,42.31,0.01,3.0,126.93,3.02,0,0,0,0,0
GD Bestsellers (from each range) EMGD1152,Active,gd-bestsellers-from-each-range-emgd1152,Email,41620,299,31.3,0.01,3.0,93.89,2.26,0,0,0,0,0
GD Bestsellers (from each range) EMGD1151,Active,gd-bestsellers-from-each-range-emgd1151,Email,65958,2026,27.69,0.09,58.0,1606.2900000000004,24.35,0,0,0,0,0
GD Bestsellers (from each range) EMGD1146,Active,gd-bestsellers-from-each-range-emgd1146,Email,41128,281,40.21,0.01,4.0,160.83,3.91,0,0,0,0,0
GD Bestsellers (from each range) EMGD1144,Active,gd-bestsellers-from-each-range-emgd1144,Email,43032,234,69.43,0.0,2.0,138.86,3.23,0,0,0,0,0
GD Bestsellers (from each range) EMGD1143,Active,gd-bestsellers-from-each-range-emgd1143,Email,41721,311,62.97,0.0,1.0,62.97,1.51,0,0,0,0,0
GD Bestsellers (from each range) EMGD1142,Active,gd-bestsellers-from-each-range-emgd1142,Email,42240,320,22.31,0.01,3.0,66.92,1.58,0,0,0,0,0
GD Bestsellers (from each range) EMGD1141,Active,gd-bestsellers-from-each-range-emgd1141,Email,41605,263,0,0,0,0,0,0,0,0,0,0
GD Bestsellers (from each range) EMGD1137,Active,gd-bestsellers-from-each-range-emgd1137,Email,42140,243,24.98,0.0,1.0,24.98,0.59,0,0,0,0,0
GD Bestsellers (from each range) EMGD1136,Active,gd-bestsellers-from-each-range-emgd1136,Email,41501,302,40.97,0.0,2.0,81.94999999999999,1.97,0,0,0,0,0
GD Bestsellers (from each range) EMGD1134,Active,gd-bestsellers-from-each-range-emgd1134,Email,42784,404,36.2,0.01,4.0,144.78,3.38,0,0,0,0,0
GD Bestsellers (from each range) EMGD1132,Active,gd-bestsellers-from-each-range-emgd1132,Email,42302,321,31.75,0.01,5.0,158.76,3.75,0,0,0,0,0
GD Bestsellers (from each range) EMGD1130,Inactive,gd-bestsellers-from-each-range-emgd1130,Email,6,2,0,0,0,0,0,0,0,0,0,0
GD Bestsellers (from each range) EMGD1119,Active,gd-bestsellers-from-each-range-emgd1119,Email,46526,467,31.78,0.01,4.0,127.12,2.73,0,0,0,0,0
GD Bestsellers (from each range) EMGD1116,Active,gd-bestsellers-from-each-range-emgd1116,Email,45323,360,28.71,0.01,4.0,114.86,2.53,0,0,0,0,0
GD Bestsellers (from each range) EMGD1115,Active,gd-bestsellers-from-each-range-emgd1115,Email,107231,3161,31.0,0.06,62.0,1922.27,17.93,0,0,0,0,0
GD Bestsellers (from each range) EMGD1110,Inactive,gd-bestsellers-from-each-range-emgd1110,Email,5,0,0,0,0,0,0,0,0,0,0,0
GD Bestsellers (from each range) EMGD1105,Active,gd-bestsellers-from-each-range-emgd1105,Email,44014,486,30.46,0.02,8.0,243.70000000000002,5.54,0,0,0,0,0
GD Bestsellers (from each range) EMGD1104,Active,gd-bestsellers-from-each-range-emgd1104,Email,43971,510,36.63,0.01,6.0,219.78,5.0,0,0,0,0,0
GD Bestsellers (from each range) EMGD1102,Active,gd-bestsellers-from-each-range-emgd1102,Email,44618,507,32.8,0.01,6.0,196.8,4.41,0,0,0,0,0
GD Bestsellers (from each range) EMGD1100,Active,gd-bestsellers-from-each-range-emgd1100,Email,42106,367,18.98,0.0,2.0,37.97,0.9,0,0,0,0,0
GD Bestsellers (from each range) EMGD1094,Active,gd-bestsellers-from-each-range-emgd1094,Email,42084,229,49.97,0.01,3.0,149.9,3.56,0,0,0,0,0
GD Bestsellers (from each range) EMGD1092,Active,gd-bestsellers-from-each-range-emgd1092,Email,44345,506,37.45,0.0,2.0,74.91,1.69,0,0,0,0,0
GD Bestsellers (from each range) EMGD1085,Active,gd-bestsellers-from-each-range-emgd1085,Email,65542,1835,27.14,0.06,40.0,1085.53,16.56,0,0,0,0,0
GD Bestsellers (from each range) EMGD1082,Active,gd-bestsellers-from-each-range-emgd1082,Email,16216,360,27.15,0.06,9.0,244.36,15.07,0,0,0,0,0
GD Bestsellers (from each range),Inactive,gd-bestsellers-from-each-range,Email,24,0,0,0,0,0,0,0,0,0,0,0
GD Bedding SALE EMGD1287,Active,gd-bedding-sale-emgd1287,Email,43519,1265,30.12,0.03,13.0,391.62,9.0,0,0,0,0,0
GD Bedding EMGD1164,Inactive,gd-bedding-emgd1164,Email,8,3,0,0,0,0,0,0,0,0,0,0
GD Bedding EMGD1162,Active,gd-bedding-emgd1162,Email,40482,191,19.98,0.0,1.0,19.98,0.49,0,0,0,0,0
GD Bedding EMGD1160,Active,gd-bedding-emgd1160,Email,41660,157,40.45,0.0,2.0,80.91,1.94,0,0,0,0,0
GD Bedding EMGD1158,Active,gd-bedding-emgd1158,Email,41436,157,0,0,0,0,0,0,0,0,0,0
GD Bedding EMGD1157,Inactive,duplicate-of-gd-bedding-emgd1155,Email,11,0,0,0,0,0,0,0,0,0,0,0
GD Bedding EMGD1156,Active,duplicate-of-gd-bedding-emgd1153,Email,41124,187,35.96,0.01,3.0,107.87,2.62,0,0,0,0,0
GD Bedding EMGD1155,Active,gd-bedding-emgd1155,Email,40867,190,20.97,0.0,1.0,20.97,0.51,0,0,0,0,0
GD Bedding EMGD1154,Active,gd-bedding-emgd1154,Email,42174,186,22.97,0.0,1.0,22.97,0.54,0,0,0,0,0
GD Bedding EMGD1153,Active,gd-bedding-emgd1153,Email,41400,178,53.94,0.0,1.0,53.94,1.3,0,0,0,0,0
GD Bedding EMGD1150,Active,gd-bedding-emgd1150,Email,41505,194,23.97,0.0,1.0,23.97,0.58,0,0,0,0,0
GD Bedding EMGD1149,Inactive,gd-bedding-emgd1149,Email,11,1,0,0,0,0,0,0,0,0,0,0
GD Bedding EMGD1147,Active,gd-bedding-emgd1147,Email,40855,174,31.29,0.01,6.0,187.74,4.6,0,0,0,0,0
GD Bedding EMGD1145,Active,gd-bedding-emgd1145,Email,41459,324,35.35,0.01,5.0,176.74,4.26,0,0,0,0,0
GD Bedding EMGD1141,Inactive,gd-bedding-emgd1141,Email,1,0,0,0,0,0,0,0,0,0,0,0
GD Bedding EMGD1140,Active,gd-bedding-emgd1140,Email,41411,276,101.89,0.01,3.0,305.67,7.38,0,0,0,0,0
GD Bedding EMGD1139,Active,gd-bedding-emgd1139,Email,41720,213,28.96,0.0,1.0,28.96,0.69,0,0,0,0,0
GD Bedding EMGD1138,Active,gd-bedding-emgd1138,Email,41715,258,44.29,0.01,3.0,132.87,3.19,0,0,0,0,0
GD Bedding EMGD1133,Active,gd-bedding-emgd1133,Email,43044,344,27.62,0.01,6.0,165.75,3.85,0,0,0,0,0
GD Bedding EMGD1131,Active,gd-bedding-emgd1131,Email,64440,564,32.21,0.01,4.0,128.82999999999998,2.0,0,0,0,0,0
GD Bedding EMGD1129,Active,gd-bedding-emgd1129,Email,43428,394,35.15,0.01,5.0,175.75,4.05,0,0,0,0,0
GD Bedding EMGD1128,Active,gd-bedding-emgd1128,Email,44364,491,30.86,0.02,10.0,308.5799999999999,6.96,0,0,0,0,0
GD Bedding EMGD1127,Active,gd-bedding-emgd1127,Email,43713,294,33.96,0.01,3.0,101.89,2.33,0,0,0,0,0
GD Bedding EMGD1126,Active,gd-bedding-emgd1126,Email,43721,361,56.96,0.0,1.0,56.96,1.3,0,0,0,0,0
GD Bedding EMGD1123,Active,gd-bedding-emgd1123,Email,42454,379,38.63,0.01,3.0,115.89,2.73,0,0,0,0,0
GD Bedding EMGD1122,Active,gd-bedding-emgd1122,Email,42475,262,27.96,0.0,1.0,27.96,0.66,0,0,0,0,0
GD Bedding EMGD1121,Active,gd-bedding-emgd1121,Email,43228,378,38.51,0.01,5.0,192.53,4.45,0,0,0,0,0
GD Bedding EMGD1120,Active,gd-bedding-emgd1120,Email,42601,193,28.96,0.0,1.0,28.96,0.68,0,0,0,0,0
GD Bedding EMGD1118,Active,gd-bedding-emgd1118,Email,42924,341,30.96,0.01,3.0,92.87,2.16,0,0,0,0,0
GD Bedding EMGD1117,Active,gd-bedding-emgd1117,Email,42095,310,42.95,0.01,5.0,214.77,5.1,0,0,0,0,0
GD Bedding EMGD1109,Active,gd-bedding-emgd1109,Email,42438,330,29.22,0.01,4.0,116.86999999999999,2.75,0,0,0,0,0
GD Bedding EMGD1108,Active,gd-bedding-emgd1108,Email,43199,402,19.97,0.0,2.0,39.94,0.92,0,0,0,0,0
GD Bedding EMGD1107,Active,gd-bedding-emgd1107,Email,44399,363,45.2,0.01,4.0,180.82,4.07,0,0,0,0,0
GD Bedding EMGD1105,Active,gd-bedding-emgd1105,Email,42752,274,38.13,0.01,6.0,228.76999999999998,5.35,0,0,0,0,0
GD Bedding EMGD1103,Active,gd-bedding-emgd1103,Email,42840,382,40.71,0.01,4.0,162.84,3.8,0,0,0,0,0
GD Bedding EMGD1101,Active,gd-bedding-emgd1101,Email,43547,319,24.97,0.0,2.0,49.94,1.15,0,0,0,0,0
GD Bedding EMGD1099,Active,gd-bedding-emgd1099,Email,45129,446,39.46,0.0,2.0,78.92,1.75,0,0,0,0,0
GD Bedding EMGD1098,Active,gd-bedding-emgd1098,Email,43284,463,39.78,0.01,6.0,238.69,5.51,0,0,0,0,0
GD Bedding EMGD1097,Active,gd-bedding-emgd1097,Email,44137,405,38.12,0.01,6.0,228.69,5.18,0,0,0,0,0
GD Bedding EMGD1095,Active,gd-bedding-emgd1095,Email,43713,491,46.94,0.02,9.0,422.46,9.66,0,0,0,0,0
GD Bedding EMGD1093,Active,gd-bedding-emgd1093,Email,43525,372,31.85,0.02,9.0,286.64,6.59,0,0,0,0,0
GD Bedding EMGD1091,Active,gd-bedding-emgd1091,Email,43609,369,31.96,0.01,4.0,127.83,2.93,0,0,0,0,0
GD Bedding EMGD1090,Active,gd-bedding-emgd1090,Email,41986,433,24.97,0.01,4.0,99.88,2.38,0,0,0,0,0
GD Bedding EMGD1089,Active,gd-bedding-emgd1089,Email,42936,380,27.24,0.03,11.0,299.63,6.98,0,0,0,0,0
GD Bedding EMGD1088,Active,gd-bedding-emgd1088,Email,43157,418,0,0,0,0,0,0,0,0,0,0
GD Bedding EMGD1087,Active,gd-bedding-emgd1087,Email,42418,508,24.14,0.01,6.0,144.82,3.41,0,0,0,0,0
GD Bedding Clearance EMGD1312,Active,gd-bedding-clearance-emgd1312,Email,36814,1344,21.2,0.02,9.0,190.78000000000003,5.18,0,0,0,0,0
GD 120s CLEARANCE EMGD1269,Inactive,gd-120s-clearance-emgd1269,Email,41377,977,29.34,0.04,17.0,498.7,12.05,0,0,0,0,0
GD 120s CLEARANCE EMGD1258,Inactive,gd-120s-clearance-emgd1258,Email,41740,1321,27.15,0.09,39.0,1058.9900000000005,25.37,0,0,0,0,0
GD 120s CLEARANCE EMGD1250,Inactive,gd-120s-clearance-emgd1250,Email,42119,1618,26.94,0.12,52.0,1400.8600000000006,33.26,0,0,0,0,0
GD 120s CLEARANCE EMGD1248,Inactive,gd-120s-clearance-emgd1248,Email,42342,2011,30.32,0.16,67.0,2031.6600000000012,47.98,0,0,0,0,0
GD 60s SALE EMGD1273,Active,gd-60s-sale-emgd1273,Email,41261,474,55.53,0.01,6.0,333.15999999999997,8.07,0,0,0,0,0
GD 60s SALE EMGD1270,Inactive,gd-60s-sale-emgd1270,Email,1,0,0,0,0,0,0,0,0,0,0,0
GD 60s BOGOF EMGD1270,Active,gd-60s-bogof-emgd1270,Email,39120,876,27.93,0.06,23.0,642.4800000000001,16.42,0,0,0,0,0
GD 60s BOGOF EMGD1267,Inactive,gd-60s-bogof-emgd1267,Email,1,0,0,0,0,0,0,0,0,0,0,0
GD 60s BOGOF EMGD1266,Inactive,gd-60s-bogof-emgd1266,Email,2,0,0,0,0,0,0,0,0,0,0,0
GD 60s BOGOF EMGD1264,Inactive,gd-60s-bogof-emgd1264,Email,40024,808,21.31,0.04,18.0,383.64,9.59,0,0,0,0,0
GD 60s BOGOF EMGD1262,Inactive,gd-60s-bogof-emgd1262,Email,39703,791,39.23,0.05,18.0,706.14,17.79,0,0,0,0,0
GD 60s BOGOF EMGD1261,Inactive,gd-60s-bogof-emgd1261,Email,38856,777,26.06,0.06,22.0,573.33,14.76,0,0,0,0,0
GD 60s BOGOF EMGD1260,Inactive,gd-60s-bogof-emgd1260,Email,38685,714,33.05,0.03,11.0,363.54,9.4,0,0,0,0,0
GD 60s BOGOF EMGD1259,Inactive,gd-60s-bogof-emgd1259,Email,38572,549,35.19,0.03,13.0,457.47,11.86,0,0,0,0,0
GD 60s BOGOF EMGD1257,Active,gd-60s-bogof-emgd1257,Email,38893,730,36.96,0.05,21.0,776.06,19.95,0,0,0,0,0
GD 60s BOGOF EMGD1256,Inactive,gd-60s-bogof-emgd1256,Email,39264,729,39.55,0.04,15.0,593.2600000000001,15.11,0,0,0,0,0
GD 60s BOGOF EMGD1255,Inactive,gd-60s-bogof-emgd1255,Email,39632,905,33.46,0.05,18.0,602.2400000000001,15.2,0,0,0,0,0
GD 60s BOGOF EMGD1253,Active,gd-60s-bogof-emgd1253,Email,39788,881,25.81,0.03,13.0,335.57,8.43,0,0,0,0,0
GD 60s BOGOF EMGD1249,Inactive,gd-60s-bogof-emgd1249,Email,39486,709,29.29,0.05,21.0,615.19,15.58,0,0,0,0,0
GD 12 x Bedding BOGOF EMGD1302,Active,gd-12-x-bedding-bogof-emgd1302,Email,41305,902,46.46,0.01,4.0,185.84,4.5,0,0,0,0,0
GD 9 x Bestsaellers,Active,gd-9-x-bestsaellers,Email,375513,6993,27.56,0.02,67.0,1846.43,4.92,0,0,0,0,0
GD - USP Banner - New,Inactive,gd-usp-banner-new,Web,15,0,0,0,0,0,0,0,0,0,0,0
GD - Promo Banner - 15 SW,Active,gd-promo-banner-15-sw,Web,294064,0,0,0,0,0,0,0,0,0,0,0
GD - PLP - New Styling,Inactive,gd-plp-new-styling,Web,1,0,0,0,0,0,0,0,0,0,0,0
GD - PDP - Recommended (tsc1acy),Active,gd---pdp---recommended-tsc1acy,Web,670038,58270,0,0,0,0,0,44.54,0.06,412.0,18351.44,27.39
GD - PDP - New Test,Inactive,gd-pdp-new-test,Web,0,0,0,0,0,0,0,0,0,0,0,0
GD - New In,Active,gd-new-in,Web,154352,1356,0,0,0,0,0,30.28,0.01,9.0,272.52,1.77
GD - Ideal to Plant Next Month,Active,gd-ideal-to-plant-next-month,Web,552758,28456,0,0,0,0,0,37.34,0.03,143.0,5339.63,9.66
GD - Homepage - RV - Recent Activity/Most Popular Items,Inactive,gd-homepage-rv-recent-activitymost-popular-items,Web,2,5,0,0,0,0,0,0,0,0,0,0
GD - Homepage - Most Popular Products - Top Buyer - B,Inactive,gd-homepage-most-popular-products-top-buyer-b,Web,2,0,0,0,0,0,0,0,0,0,0,0
GD - Homepage - FTV - Popular Items 1 (ow155tp),Active,gd---homepage---ftv---popular-items-1-ow155tp,Web,153916,7112,0,0,0,0,0,25.9,0.03,46.0,1191.62,7.74
GD - Hero Banner - Rotation,Active,tester-x,Web,130422,4435,0,0,0,0,0,49.55,0.06,80.0,3964.02,30.39
GD - Hero Banner - Rotate 1,Inactive,gd-hero-banner-rotate-1,Web,2163,178,0,0,0,0,0,111.14,0.23,5.0,555.69,256.91
GD - Exit Intent - Similar Products New,Active,gd-exit-intent-similar-products-new-0,Web,663040,169,0,0,0,0,0,36.18,0.0,9.0,325.62,0.49
GD - Exit - New Design X,Inactive,gd-exit-new-design-x,Web,1,0,0,0,0,0,0,0,0,0,0,0
GD - Exit - New Design,Inactive,gd-exit-new-design,Web,1,0,0,0,0,0,0,0,0,0,0,0
GD - Exit - New - Min,Active,gd-exit-new-min,Web,571558,599,0,0,0,0,0,38.47,0.0,15.0,577.08,1.01
GD - Category Page - FTV - Most Popular Items (feodoyv),Inactive,gd---category-page---ftv---most-popular-items---plants-feodoyv,Web,76999,3891,0,0,0,0,0,43.33,0.02,16.0,693.31,9.0
GD - Category Page - FTV - Bedding Plants - B (yj8uze2),Inactive,gd---category-page---ftv---bedding-plants---b-yj8uze2,Web,0,0,0,0,0,0,0,0,0,0,0,0
GD - Category Page - FTV - Bedding Plants - B (j01z11h),Inactive,gd---category-page---ftv---bedding-plants---b-j01z11h,Web,0,0,0,0,0,0,0,0,0,0,0,0
GD - Catalogue Most Popular,Inactive,gd-catalogue-most-popular,Web,1,0,0,0,0,0,0,0,0,0,0,0
GD - Cart - Upsell - Cart Price,Inactive,gd-cart-upsell-cart-price,Web,52453,1820,0,0,0,0,0,22.67,0.04,23.0,521.43,9.94
GD - Cart - Basket Empty,Active,gd-cart-basket-empty,Web,14786,1079,0,0,0,0,0,29.05,0.14,20.0,581.08,39.3
GD - Basket Pop Up,Active,gd-basket-pop-up,Web,3791,2838,0,0,0,0,0,23.65,0.08,3.0,70.94,18.71
GD - 404 - Most Popular Products,Active,gd-404-most-popular-products,Web,1498,131,0,0,0,0,0,14.98,0.13,2.0,29.97,20.01
GD -  Cart - Customers Also Bought x2,Active,gd-cart-customers-also-bought-x2,Web,98209,4468,0,0,0,0,0,21.58,0.04,37.0,798.31,8.13
GD -  Cart - Customers Also Bought Alt (mx3oaye),Inactive,gd----cart---customers-also-bought-alt-mx3oaye,Web,17099,575,0,0,0,0,0,22.97,0.01,1.0,22.97,1.34
GD  - 15 OFF Promo SW,Inactive,gd-15-off-promo-sw-new,Web,42665,0,0,0,0,0,0,0,0,0,0,0
GD  - 15 OFF Promo SW,Inactive,gd-15-off-promo-sw,Web,52,0,0,0,0,0,0,0,0,0,0,0
Email x 9 Bestsellers,Inactive,email-x-9-bestsellers,Email,2,2,0,0,0,0,0,0,0,0,0,0
Email 9x Bestsellers,Active,email-9x-bestsellers,Email,1421453,22447,32.1,0.01,203.0,6515.330000000001,4.58,0,0,0,0,0
Easter 15 OFF SALE EMGD1275,Active,easter-15-off-sale-emgd1275,Email,136456,4300,35.78,0.05,72.0,2576.46,18.88,0,0,0,0,0
Easter 15 OFF - Organic and UTM,Inactive,easter-15-off-organic-and-utm,Web,1,0,0,0,0,0,0,0,0,0,0,0
Duplicate of YG Bestsellers (from each range) EM3433,Active,duplicate-of-yg-bestsellers-from-each-range-em3433,Email,309058,3263,19.65,0.01,34.0,667.9499999999999,2.16,0,0,0,0,0
Duplicate of Duplicate of rl email test,Inactive,duplicate-of-duplicate-of-rl-email-test,Email,261938,3045,34.83,0.01,14.0,487.61,1.86,0,0,0,0,0
Concept 2026,Inactive,concept-2026,Email,45,0,0,0,0,0,0,0,0,0,0,0
Compost Strip Banner,Inactive,compost-strip-banner,Web,7644,58,0,0,0,0,0,0,0,0,0,0
Category Carousel Test,Inactive,category-carousel-test,Web,1,1,0,0,0,0,0,0,0,0,0,0
Catalogue Collection,Active,catalogue-collection,Web,1163,311,0,0,0,0,0,0,0,0,0,0
Cart - Basket Empty,Active,cart-basket-empty,Web,181490,11130,0,0,0,0,0,23.42,0.16,293.0,6863.46,37.82
Bulb Packs EM3349,Active,bulb-packs-em3349,Email,187682,945,39.17,0.0,6.0,235.04999999999998,1.25,0,0,0,0,0
Bulb Packs EM3333,Inactive,bulb-packs-em3333,Email,190464,1041,35.44,0.01,10.0,354.43,1.86,0,0,0,0,0
Bestsellers x 9,Inactive,duplicate-of-test,Email,1,0,0,0,0,0,0,0,0,0,0,0
Best Sellers,Inactive,best-sellers,Email,2,0,0,0,0,0,0,0,0,0,0,0
Basket Value Test (g6nfba4),Active,basket-value-g6nfba4,Web,1399259,0,0,0,0,0,0,0,0,0,0,0
Basket Value (jirn66k),Inactive,basket-value-jirn66k,Web,1,0,0,0,0,0,0,0,0,0,0,0
Basket Value,Inactive,basket-value-new-1,Web,4,0,0,0,0,0,0,0,0,0,0,0
Basket Value,Inactive,basket-value-new,Web,1,0,0,0,0,0,0,0,0,0,0,0
Basket Value,Inactive,basket-value,Web,2,0,0,0,0,0,0,0,0,0,0,0
Banner 15 OFF - Organic & UTM Codes,Inactive,banner-15-off-organic-utm-codes,Web,397159,1,0,0,0,0,0,0,0,0,0,0
April - 15 OFF - Organic and UTM,Inactive,april-15-off-organic-and-utm,Web,8,0,0,0,0,0,0,0,0,0,0,0
20 OFF SALE EMGD1305,Active,20-off-sale-emgd1305,Email,94794,2647,29.77,0.04,39.0,1160.99,12.25,0,0,0,0,0
20 OFF SALE EMGD1300,Active,20-off-sale-emgd1300,Email,78178,2707,29.64,0.06,48.0,1422.74,18.2,0,0,0,0,0
20 OFF SALE EMGD1295,Active,20-off-sale-emgd1295,Email,101116,4308,35.29,0.07,72.0,2541.04,25.13,0,0,0,0,0
15 OFF SALE EMGD1280,Active,15-off-sale-emgd1280,Email,81605,2349,26.64,0.04,34.0,905.6300000000001,11.1,0,0,0,0,0
3 x cat cards - new,Inactive,3-x-cat-cards-new,Web,1,10,0,0,0,0,0,0,0,0,0,0
0001 - YG - Category Block - Master,Inactive,0001-yg-category-block-master,Web,25882,222,0,0,0,0,0,26.94,0.0,1.0,26.94,1.04
